start_s,end_s,x_before,y_before,x_after,y_after,tke,u,v,gust,energy_increment_Wh,hold_energy_Wh,battery_Wh,status_code,MATLAB_power_W,MATLAB_step_Wh,MATLAB_cumulative_Wh,displacement_m
5,6,4.27995958159824,20,4.27995958159824,20,0.815954537625654,-0.526775078489118,2.18338612609483,0,0.278366710737656,0.278366710737656,207.424112941777,3,1002.12015865556,0.278366710737656,0.278366710737656,0
6,7,4.27995958159824,20,4.27995958159824,20,0.815954537625654,-0.526775078489118,2.18338612609483,0,0.278366710737656,0.556733421475311,207.14574623104,3,1002.12015865556,0.278366710737656,0.556733421475311,0
7,8,4.27995958159824,20,4.27995958159824,20,0.815954537625654,-0.526775078489118,2.18338612609483,0,0.278366710737656,0.835100132212967,206.867379520302,3,1002.12015865556,0.278366710737656,0.835100132212967,0
8,9,4.27995958159824,20,4.27995958159824,20,0.815954537625654,-0.526775078489118,2.18338612609483,0,0.278366710737656,1.11346684295062,206.589012809564,3,1002.12015865556,0.278366710737656,1.11346684295062,0
9,10,4.27995958159824,20,4.27995958159824,20,0.815954537625654,-0.526775078489118,2.18338612609483,0,0.278366710737656,1.39183355368828,206.310646098827,3,1002.12015865556,0.278366710737656,1.39183355368828,0
10,11,4.27995958159824,20,4.27995958159824,20,0.815954537625654,-0.526775078489118,2.18338612609483,0,0.278366710737656,1.67020026442593,206.032279388089,3,1002.12015865556,0.278366710737656,1.67020026442593,0
11,12,4.27995958159824,20,4.27995958159824,20,0.815954537625654,-0.526775078489118,2.18338612609483,0,0.278366710737656,1.94856697516359,205.753912677351,3,1002.12015865556,0.278366710737656,1.94856697516359,0
12,13,4.27995958159824,20,4.27995958159824,20,0.815954537625654,-0.526775078489118,2.18338612609483,0,0.278366710737656,2.22693368590124,205.475545966614,3,1002.12015865556,0.278366710737656,2.22693368590124,0
13,14,4.27995958159824,20,4.27995958159824,20,0.815954537625654,-0.526775078489118,2.18338612609483,0,0.278366710737656,2.5053003966389,205.197179255876,3,1002.12015865556,0.278366710737656,2.5053003966389,0
14,15,4.27995958159824,20,4.27995958159824,20,0.815954537625654,-0.526775078489118,2.18338612609483,0,0.278366710737656,2.78366710737656,204.918812545138,3,1002.12015865556,0.278366710737656,2.78366710737656,0
15,16,4.27995958159824,20,4.27995958159824,20,0.815954537625654,-0.526775078489118,2.18338612609483,0,0.278366710737656,3.06203381811421,204.640445834401,3,1002.12015865556,0.278366710737656,3.06203381811421,0
16,17,4.27995958159824,20,4.27995958159824,20,0.815954537625654,-0.526775078489118,2.18338612609483,0,0.278366710737656,3.34040052885187,204.362079123663,3,1002.12015865556,0.278366710737656,3.34040052885187,0
17,18,4.27995958159824,20,4.27995958159824,20,0.815954537625654,-0.526775078489118,2.18338612609483,0,0.278366710737656,3.61876723958952,204.083712412925,3,1002.12015865556,0.278366710737656,3.61876723958952,0
18,19,4.27995958159824,20,4.27995958159824,20,0.815954537625654,-0.526775078489118,2.18338612609483,0,0.278366710737656,3.89713395032718,203.805345702188,3,1002.12015865556,0.278366710737656,3.89713395032718,0
19,20,4.27995958159824,20,4.27995958159824,20,0.815954537625654,-0.526775078489118,2.18338612609483,0,0.278366710737656,4.17550066106483,203.52697899145,3,1002.12015865556,0.278366710737656,4.17550066106483,0
20,21,4.27995958159824,20,4.27995958159824,20,0.815954537625654,-0.526775078489118,2.18338612609483,0,0.278366710737656,4.45386737180249,203.248612280712,3,1002.12015865556,0.278366710737656,4.45386737180249,0
21,22,4.27995958159824,20,4.27995958159824,20,0.815954537625654,-0.526775078489118,2.18338612609483,0,0.278366710737656,4.73223408254014,202.970245569975,3,1002.12015865556,0.278366710737656,4.73223408254014,0
22,23,4.27995958159824,20,4.27995958159824,20,0.815954537625654,-0.526775078489118,2.18338612609483,0,0.278366710737656,5.0106007932778,202.691878859237,3,1002.12015865556,0.278366710737656,5.0106007932778,0
23,24,4.27995958159824,20,4.27995958159824,20,0.815954537625654,-0.526775078489118,2.18338612609483,0,0.278366710737656,5.28896750401546,202.413512148499,3,1002.12015865556,0.278366710737656,5.28896750401546,0
24,25,4.27995958159824,20,4.27995958159824,20,0.815954537625654,-0.526775078489118,2.18338612609483,0,0.278366710737656,5.56733421475311,202.135145437762,3,1002.12015865556,0.278366710737656,5.56733421475311,0
25,26,4.27995958159824,20,4.27995958159824,20,0.815954537625654,-0.526775078489118,2.18338612609483,0,0.278366710737656,5.84570092549077,201.856778727024,3,1002.12015865556,0.278366710737656,5.84570092549077,0
26,27,4.27995958159824,20,4.27995958159824,20,0.815954537625654,-0.526775078489118,2.18338612609483,0,0.278366710737656,6.12406763622842,201.578412016286,3,1002.12015865556,0.278366710737656,6.12406763622842,0
27,28,4.27995958159824,20,4.27995958159824,20,0.815954537625654,-0.526775078489118,2.18338612609483,0,0.278366710737656,6.40243434696608,201.300045305549,3,1002.12015865556,0.278366710737656,6.40243434696608,0
28,29,4.27995958159824,20,4.27995958159824,20,0.815954537625654,-0.526775078489118,2.18338612609483,0,0.278366710737656,6.68080105770373,201.021678594811,3,1002.12015865556,0.278366710737656,6.68080105770373,0
29,30,4.27995958159824,20,4.27995958159824,20,0.815954537625654,-0.526775078489118,2.18338612609483,0,0.278366710737656,6.95916776844139,200.743311884073,3,1002.12015865556,0.278366710737656,6.95916776844139,0
30,31,4.27995958159824,20,4.27995958159824,20,0.815954537625654,-0.526775078489118,2.18338612609483,0,0.278366710737656,7.23753447917904,200.464945173336,3,1002.12015865556,0.278366710737656,7.23753447917904,0
31,32,4.27995958159824,20,4.27995958159824,20,0.815954537625654,-0.526775078489118,2.18338612609483,0,0.278366710737656,7.5159011899167,200.186578462598,3,1002.12015865556,0.278366710737656,7.5159011899167,0
32,33,4.27995958159824,20,4.27995958159824,20,0.815954537625654,-0.526775078489118,2.18338612609483,0,0.278366710737656,7.79426790065436,199.90821175186,3,1002.12015865556,0.278366710737656,7.79426790065436,0
33,34,4.27995958159824,20,4.27995958159824,20,0.815954537625654,-0.526775078489118,2.18338612609483,0,0.278366710737656,8.07263461139201,199.629845041123,3,1002.12015865556,0.278366710737656,8.07263461139201,0
34,35,4.27995958159824,20,4.27995958159824,20,0.815954537625654,-0.526775078489118,2.18338612609483,0,0.278366710737656,8.35100132212967,199.351478330385,3,1002.12015865556,0.278366710737656,8.35100132212967,0
35,36,4.27995958159824,20,4.27995958159824,20,0.815954537625654,-0.526775078489118,2.18338612609483,0,0.278366710737656,8.62936803286732,199.073111619647,3,1002.12015865556,0.278366710737656,8.62936803286732,0
36,37,4.27995958159824,20,4.27995958159824,20,0.815954537625654,-0.526775078489118,2.18338612609483,0,0.278366710737656,8.90773474360498,198.79474490891,3,1002.12015865556,0.278366710737656,8.90773474360498,0
37,38,4.27995958159824,20,4.27995958159824,20,0.815954537625654,-0.526775078489118,2.18338612609483,0,0.278366710737656,9.18610145434263,198.516378198172,3,1002.12015865556,0.278366710737656,9.18610145434263,0
38,39,4.27995958159824,20,4.27995958159824,20,0.815954537625654,-0.526775078489118,2.18338612609483,0,0.278366710737656,9.46446816508029,198.238011487434,3,1002.12015865556,0.278366710737656,9.46446816508029,0
39,40,4.27995958159824,20,4.27995958159824,20,0.815954537625654,-0.526775078489118,2.18338612609483,0,0.278366710737656,9.74283487581794,197.959644776697,3,1002.12015865556,0.278366710737656,9.74283487581794,0
40,41,4.27995958159824,20,4.27995958159824,20,0.815954537625654,-0.526775078489118,2.18338612609483,0,0.278366710737656,10.0212015865556,197.681278065959,3,1002.12015865556,0.278366710737656,10.0212015865556,0
41,42,4.27995958159824,20,4.27995958159824,20,0.815954537625654,-0.526775078489118,2.18338612609483,0,0.278366710737656,10.2995682972933,197.402911355222,3,1002.12015865556,0.278366710737656,10.2995682972933,0
42,43,4.27995958159824,20,4.27995958159824,20,0.815954537625654,-0.526775078489118,2.18338612609483,0,0.278366710737656,10.5779350080309,197.124544644484,3,1002.12015865556,0.278366710737656,10.5779350080309,0
43,44,4.27995958159824,20,4.27995958159824,20,0.815954537625654,-0.526775078489118,2.18338612609483,0,0.278366710737656,10.8563017187686,196.846177933746,3,1002.12015865556,0.278366710737656,10.8563017187686,0
44,45,4.27995958159824,20,4.27995958159824,20,0.815954537625654,-0.526775078489118,2.18338612609483,0,0.278366710737656,11.1346684295062,196.567811223009,3,1002.12015865556,0.278366710737656,11.1346684295062,0
45,46,4.27995958159824,20,4.27995958159824,20,0.815954537625654,-0.526775078489118,2.18338612609483,0,0.278366710737656,11.4130351402439,196.289444512271,3,1002.12015865556,0.278366710737656,11.4130351402439,0
46,47,4.27995958159824,20,4.27995958159824,20,0.815954537625654,-0.526775078489118,2.18338612609483,0,0.278366710737656,11.6914018509815,196.011077801533,3,1002.12015865556,0.278366710737656,11.6914018509815,0
47,48,4.27995958159824,20,4.27995958159824,20,0.815954537625654,-0.526775078489118,2.18338612609483,0,0.278366710737656,11.9697685617192,195.732711090796,3,1002.12015865556,0.278366710737656,11.9697685617192,0
48,49,4.27995958159824,20,4.27995958159824,20,0.815954537625654,-0.526775078489118,2.18338612609483,0,0.278366710737656,12.2481352724568,195.454344380058,3,1002.12015865556,0.278366710737656,12.2481352724568,0
49,50,4.27995958159824,20,4.27995958159824,20,0.815954537625654,-0.526775078489118,2.18338612609483,0,0.278366710737656,12.5265019831945,195.17597766932,3,1002.12015865556,0.278366710737656,12.5265019831945,0
50,51,4.27995958159824,20,4.27995958159824,20,0.815954537625654,-0.526775078489118,2.18338612609483,0,0.278366710737656,12.8048686939322,194.897610958583,3,1002.12015865556,0.278366710737656,12.8048686939322,0
51,52,4.27995958159824,20,4.27995958159824,20,0.815954537625654,-0.526775078489118,2.18338612609483,0,0.278366710737656,13.0832354046698,194.619244247845,3,1002.12015865556,0.278366710737656,13.0832354046698,0
52,53,4.27995958159824,20,4.27995958159824,20,0.815954537625654,-0.526775078489118,2.18338612609483,0,0.278366710737656,13.3616021154075,194.340877537107,3,1002.12015865556,0.278366710737656,13.3616021154075,0
53,54,4.27995958159824,20,4.27995958159824,20,0.815954537625654,-0.526775078489118,2.18338612609483,0,0.278366710737656,13.6399688261451,194.06251082637,3,1002.12015865556,0.278366710737656,13.6399688261451,0
54,55,4.27995958159824,20,4.27995958159824,20,0.815954537625654,-0.526775078489118,2.18338612609483,0,0.278366710737656,13.9183355368828,193.784144115632,3,1002.12015865556,0.278366710737656,13.9183355368828,0
55,56,4.27995958159824,20,4.27995958159824,20,0.815954537625654,-0.526775078489118,2.18338612609483,0,0.278366710737656,14.1967022476204,193.505777404894,3,1002.12015865556,0.278366710737656,14.1967022476204,0
56,57,4.27995958159824,20,4.27995958159824,20,0.815954537625654,-0.526775078489118,2.18338612609483,0,0.278366710737656,14.4750689583581,193.227410694157,3,1002.12015865556,0.278366710737656,14.4750689583581,0
57,58,4.27995958159824,20,4.27995958159824,20,0.815954537625654,-0.526775078489118,2.18338612609483,0,0.278366710737656,14.7534356690957,192.949043983419,3,1002.12015865556,0.278366710737656,14.7534356690957,0
58,59,4.27995958159824,20,4.27995958159824,20,0.815954537625654,-0.526775078489118,2.18338612609483,0,0.278366710737656,15.0318023798334,192.670677272681,3,1002.12015865556,0.278366710737656,15.0318023798334,0
59,60,4.27995958159824,20,4.27995958159824,20,0.815954537625654,-0.526775078489118,2.18338612609483,0,0.278366710737656,15.3101690905711,192.392310561944,3,1002.12015865556,0.278366710737656,15.3101690905711,0
60,61,4.27995958159824,20,4.27995958159824,20,0.815954537625654,-0.526775078489118,2.18338612609483,0,0.278366710737656,15.5885358013087,192.113943851206,3,1002.12015865556,0.278366710737656,15.5885358013087,0
61,62,4.27995958159824,20,4.27995958159824,20,0.815954537625654,-0.526775078489118,2.18338612609483,0,0.278366710737656,15.8669025120464,191.835577140468,3,1002.12015865556,0.278366710737656,15.8669025120464,0
62,63,4.27995958159824,20,4.27995958159824,20,0.815954537625654,-0.526775078489118,2.18338612609483,0,0.278366710737657,16.145269222784,191.557210429731,3,1002.12015865556,0.278366710737656,16.145269222784,0
63,64,4.27995958159824,20,4.27995958159824,20,0.815954537625654,-0.526775078489118,2.18338612609483,0,0.278366710737657,16.4236359335217,191.278843718993,3,1002.12015865556,0.278366710737656,16.4236359335217,0
64,65,4.27995958159824,20,4.27995958159824,20,0.815954537625654,-0.526775078489118,2.18338612609483,0,0.278366710737657,16.7020026442593,191.000477008255,3,1002.12015865556,0.278366710737656,16.7020026442593,0
65,66,4.27995958159824,20,4.27995958159824,20,0.815954537625654,-0.526775078489118,2.18338612609483,0,0.278366710737657,16.980369354997,190.722110297518,3,1002.12015865556,0.278366710737656,16.980369354997,0
66,67,4.27995958159824,20,4.27995958159824,20,0.815954537625654,-0.526775078489118,2.18338612609483,0,0.278366710737657,17.2587360657347,190.44374358678,3,1002.12015865556,0.278366710737656,17.2587360657347,0
67,68,4.27995958159824,20,4.27995958159824,20,0.815954537625654,-0.526775078489118,2.18338612609483,0,0.278366710737657,17.5371027764723,190.165376876042,3,1002.12015865556,0.278366710737656,17.5371027764723,0
68,69,4.27995958159824,20,4.27995958159824,20,0.815954537625654,-0.526775078489118,2.18338612609483,0,0.278366710737657,17.81546948721,189.887010165305,3,1002.12015865556,0.278366710737656,17.81546948721,0
69,70,4.27995958159824,20,4.27995958159824,20,0.815954537625654,-0.526775078489118,2.18338612609483,0,0.278366710737657,18.0938361979476,189.608643454567,3,1002.12015865556,0.278366710737656,18.0938361979476,0
70,71,4.27995958159824,20,4.27995958159824,20,0.815954537625654,-0.526775078489118,2.18338612609483,0,0.278366710737657,18.3722029086853,189.330276743829,3,1002.12015865556,0.278366710737656,18.3722029086853,0
71,72,4.27995958159824,20,4.27995958159824,20,0.815954537625654,-0.526775078489118,2.18338612609483,0,0.278366710737657,18.6505696194229,189.051910033092,3,1002.12015865556,0.278366710737656,18.6505696194229,0
72,73,4.27995958159824,20,4.27995958159824,20,0.815954537625654,-0.526775078489118,2.18338612609483,0,0.278366710737657,18.9289363301606,188.773543322354,3,1002.12015865556,0.278366710737656,18.9289363301606,0
73,74,4.27995958159824,20,4.27995958159824,20,0.815954537625654,-0.526775078489118,2.18338612609483,0,0.278366710737657,19.2073030408983,188.495176611616,3,1002.12015865556,0.278366710737656,19.2073030408983,0
74,75,4.27995958159824,20,4.27995958159824,20,0.815954537625654,-0.526775078489118,2.18338612609483,0,0.278366710737657,19.4856697516359,188.216809900879,3,1002.12015865556,0.278366710737656,19.4856697516359,0
75,76,4.27995958159824,20,4.27995958159824,20,0.815954537625654,-0.526775078489118,2.18338612609483,0,0.278366710737657,19.7640364623736,187.938443190141,3,1002.12015865556,0.278366710737656,19.7640364623736,0
76,77,4.27995958159824,20,4.27995958159824,20,0.815954537625654,-0.526775078489118,2.18338612609483,0,0.278366710737657,20.0424031731112,187.660076479404,3,1002.12015865556,0.278366710737656,20.0424031731112,0
77,78,4.27995958159824,20,4.27995958159824,20,0.815954537625654,-0.526775078489118,2.18338612609483,0,0.278366710737657,20.3207698838489,187.381709768666,3,1002.12015865556,0.278366710737656,20.3207698838489,0
78,79,4.27995958159824,20,4.27995958159824,20,0.815954537625654,-0.526775078489118,2.18338612609483,0,0.278366710737657,20.5991365945865,187.103343057928,3,1002.12015865556,0.278366710737656,20.5991365945865,0
79,80,4.27995958159824,20,4.27995958159824,20,0.815954537625654,-0.526775078489118,2.18338612609483,0,0.278366710737657,20.8775033053242,186.824976347191,3,1002.12015865556,0.278366710737656,20.8775033053242,0
80,81,4.27995958159824,20,4.27995958159824,20,0.815954537625654,-0.526775078489118,2.18338612609483,0,0.278366710737657,21.1558700160619,186.546609636453,3,1002.12015865556,0.278366710737656,21.1558700160619,0
81,82,4.27995958159824,20,4.27995958159824,20,0.815954537625654,-0.526775078489118,2.18338612609483,0,0.278366710737657,21.4342367267995,186.268242925715,3,1002.12015865556,0.278366710737656,21.4342367267995,0
82,83,4.27995958159824,20,4.27995958159824,20,0.815954537625654,-0.526775078489118,2.18338612609483,0,0.278366710737657,21.7126034375372,185.989876214978,3,1002.12015865556,0.278366710737656,21.7126034375372,0
83,84,4.27995958159824,20,4.27995958159824,20,0.815954537625654,-0.526775078489118,2.18338612609483,0,0.278366710737657,21.9909701482748,185.71150950424,3,1002.12015865556,0.278366710737656,21.9909701482748,0
84,85,4.27995958159824,20,4.27995958159824,20,0.815954537625654,-0.526775078489118,2.18338612609483,0,0.278366710737657,22.2693368590125,185.433142793502,3,1002.12015865556,0.278366710737656,22.2693368590125,0
85,86,4.27995958159824,20,4.27995958159824,20,0.815954537625654,-0.526775078489118,2.18338612609483,0,0.278366710737657,22.5477035697501,185.154776082765,3,1002.12015865556,0.278366710737656,22.5477035697501,0
86,87,4.27995958159824,20,4.27995958159824,20,0.815954537625654,-0.526775078489118,2.18338612609483,0,0.278366710737657,22.8260702804878,184.876409372027,3,1002.12015865556,0.278366710737656,22.8260702804878,0
87,88,4.27995958159824,20,4.27995958159824,20,0.815954537625654,-0.526775078489118,2.18338612609483,0,0.278366710737657,23.1044369912255,184.598042661289,3,1002.12015865556,0.278366710737656,23.1044369912255,0
88,89,4.27995958159824,20,4.27995958159824,20,0.815954537625654,-0.526775078489118,2.18338612609483,0,0.278366710737657,23.3828037019631,184.319675950552,3,1002.12015865556,0.278366710737656,23.3828037019631,0
89,90,4.27995958159824,20,4.27995958159824,20,0.815954537625654,-0.526775078489118,2.18338612609483,0,0.278366710737657,23.6611704127008,184.041309239814,3,1002.12015865556,0.278366710737656,23.6611704127008,0
90,91,4.27995958159824,20,4.27995958159824,20,0.815954537625654,-0.526775078489118,2.18338612609483,0,0.278366710737657,23.9395371234384,183.762942529076,3,1002.12015865556,0.278366710737656,23.9395371234384,0
91,92,4.27995958159824,20,4.27995958159824,20,0.815954537625654,-0.526775078489118,2.18338612609483,0,0.278366710737657,24.2179038341761,183.484575818339,3,1002.12015865556,0.278366710737656,24.2179038341761,0
92,93,4.27995958159824,20,4.27995958159824,20,0.815954537625654,-0.526775078489118,2.18338612609483,0,0.278366710737657,24.4962705449137,183.206209107601,3,1002.12015865556,0.278366710737656,24.4962705449137,0
93,94,4.27995958159824,20,4.27995958159824,20,0.815954537625654,-0.526775078489118,2.18338612609483,0,0.278366710737657,24.7746372556514,182.927842396863,3,1002.12015865556,0.278366710737656,24.7746372556514,0
94,95,4.27995958159824,20,4.27995958159824,20,0.815954537625654,-0.526775078489118,2.18338612609483,0,0.278366710737657,25.0530039663891,182.649475686126,3,1002.12015865556,0.278366710737656,25.0530039663891,0
95,96,4.27995958159824,20,4.27995958159824,20,0.815954537625654,-0.526775078489118,2.18338612609483,0,0.278366710737657,25.3313706771267,182.371108975388,3,1002.12015865556,0.278366710737656,25.3313706771267,0
96,97,4.27995958159824,20,4.27995958159824,20,0.815954537625654,-0.526775078489118,2.18338612609483,0,0.278366710737657,25.6097373878644,182.09274226465,3,1002.12015865556,0.278366710737656,25.6097373878644,0
97,98,4.27995958159824,20,4.27995958159824,20,0.815954537625654,-0.526775078489118,2.18338612609483,0,0.278366710737657,25.888104098602,181.814375553913,3,1002.12015865556,0.278366710737656,25.888104098602,0
98,99,4.27995958159824,20,4.27995958159824,20,0.815954537625654,-0.526775078489118,2.18338612609483,0,0.278366710737657,26.1664708093397,181.536008843175,3,1002.12015865556,0.278366710737656,26.1664708093397,0
99,100,4.27995958159824,20,4.27995958159824,20,0.815954537625654,-0.526775078489118,2.18338612609483,0,0.278366710737657,26.4448375200773,181.257642132437,3,1002.12015865556,0.278366710737656,26.4448375200773,0
100,101,4.27995958159824,20,4.27995958159824,20,0.815954537625654,-0.526775078489118,2.18338612609483,0,0.278366710737657,26.723204230815,180.9792754217,3,1002.12015865556,0.278366710737656,26.723204230815,0
101,102,4.27995958159824,20,4.27995958159824,20,0.815954537625654,-0.526775078489118,2.18338612609483,0,0.278366710737657,27.0015709415527,180.700908710962,3,1002.12015865556,0.278366710737656,27.0015709415527,0
102,103,4.27995958159824,20,4.27995958159824,20,0.815954537625654,-0.526775078489118,2.18338612609483,0,0.278366710737657,27.2799376522903,180.422542000224,3,1002.12015865556,0.278366710737656,27.2799376522903,0
103,104,4.27995958159824,20,4.27995958159824,20,0.815954537625654,-0.526775078489118,2.18338612609483,0,0.278366710737657,27.558304363028,180.144175289487,3,1002.12015865556,0.278366710737656,27.558304363028,0
104,105,4.27995958159824,20,4.27995958159824,20,0.815954537625654,-0.526775078489118,2.18338612609483,0,0.278366710737657,27.8366710737656,179.865808578749,3,1002.12015865556,0.278366710737656,27.8366710737656,0
105,106,4.27995958159824,20,4.27995958159824,20,0.815954537625654,-0.526775078489118,2.18338612609483,0,0.278366710737657,28.1150377845033,179.587441868011,3,1002.12015865556,0.278366710737656,28.1150377845033,0
106,107,4.27995958159824,20,4.27995958159824,20,0.815954537625654,-0.526775078489118,2.18338612609483,0,0.278366710737657,28.3934044952409,179.309075157274,3,1002.12015865556,0.278366710737656,28.3934044952409,0
107,108,4.27995958159824,20,4.27995958159824,20,0.815954537625654,-0.526775078489118,2.18338612609483,0,0.278366710737657,28.6717712059786,179.030708446536,3,1002.12015865556,0.278366710737656,28.6717712059786,0
108,109,4.27995958159824,20,4.27995958159824,20,0.815954537625654,-0.526775078489118,2.18338612609483,0,0.278366710737657,28.9501379167163,178.752341735798,3,1002.12015865556,0.278366710737656,28.9501379167163,0
109,110,4.27995958159824,20,4.27995958159824,20,0.815954537625654,-0.526775078489118,2.18338612609483,0,0.278366710737657,29.2285046274539,178.473975025061,3,1002.12015865556,0.278366710737656,29.2285046274539,0
110,111,4.27995958159824,20,4.27995958159824,20,0.815954537625654,-0.526775078489118,2.18338612609483,0,0.278366710737657,29.5068713381916,178.195608314323,3,1002.12015865556,0.278366710737656,29.5068713381916,0
111,112,4.27995958159824,20,4.27995958159824,20,0.815954537625654,-0.526775078489118,2.18338612609483,0,0.278366710737657,29.7852380489292,177.917241603585,3,1002.12015865556,0.278366710737656,29.7852380489292,0
112,113,4.27995958159824,20,4.27995958159824,20,0.815954537625654,-0.526775078489118,2.18338612609483,0,0.278366710737657,30.0636047596669,177.638874892848,3,1002.12015865556,0.278366710737656,30.0636047596669,0
113,114,4.27995958159824,20,4.27995958159824,20,0.815954537625654,-0.526775078489118,2.18338612609483,0,0.278366710737657,30.3419714704045,177.36050818211,3,1002.12015865556,0.278366710737656,30.3419714704045,0
114,115,4.27995958159824,20,4.27995958159824,20,0.815954537625654,-0.526775078489118,2.18338612609483,0,0.278366710737657,30.6203381811422,177.082141471373,3,1002.12015865556,0.278366710737656,30.6203381811422,0
115,116,4.27995958159824,20,4.27995958159824,20,0.815954537625654,-0.526775078489118,2.18338612609483,0,0.278366710737657,30.8987048918799,176.803774760635,3,1002.12015865556,0.278366710737656,30.8987048918799,0
116,117,4.27995958159824,20,4.27995958159824,20,0.815954537625654,-0.526775078489118,2.18338612609483,0,0.278366710737657,31.1770716026175,176.525408049897,3,1002.12015865556,0.278366710737656,31.1770716026175,0
117,118,4.27995958159824,20,4.27995958159824,20,0.815954537625654,-0.526775078489118,2.18338612609483,0,0.278366710737657,31.4554383133552,176.24704133916,3,1002.12015865556,0.278366710737656,31.4554383133552,0
118,119,4.27995958159824,20,4.27995958159824,20,0.815954537625654,-0.526775078489118,2.18338612609483,0,0.278366710737657,31.7338050240928,175.968674628422,3,1002.12015865556,0.278366710737656,31.7338050240928,0
119,120,4.27995958159824,20,4.27995958159824,20,0.815954537625654,-0.526775078489118,2.18338612609483,0,0.278366710737657,32.0121717348305,175.690307917684,3,1002.12015865556,0.278366710737656,32.0121717348305,0
120,121,4.27995958159824,20,4.27995958159824,20,0.815954537625654,-0.526775078489118,2.18338612609483,0,0.278366710737657,32.2905384455681,175.411941206947,3,1002.12015865556,0.278366710737656,32.2905384455681,0
121,122,4.27995958159824,20,4.27995958159824,20,0.815954537625654,-0.526775078489118,2.18338612609483,0,0.278366710737657,32.5689051563058,175.133574496209,3,1002.12015865556,0.278366710737656,32.5689051563058,0
122,123,4.27995958159824,20,4.27995958159824,20,0.815954537625654,-0.526775078489118,2.18338612609483,0,0.278366710737657,32.8472718670435,174.855207785471,3,1002.12015865556,0.278366710737656,32.8472718670435,0
123,124,4.27995958159824,20,4.27995958159824,20,0.815954537625654,-0.526775078489118,2.18338612609483,0,0.278366710737657,33.1256385777811,174.576841074734,3,1002.12015865556,0.278366710737656,33.1256385777811,0
124,125,4.27995958159824,20,4.27995958159824,20,0.815954537625654,-0.526775078489118,2.18338612609483,0,0.278366710737657,33.4040052885188,174.298474363996,3,1002.12015865556,0.278366710737656,33.4040052885188,0
125,126,4.27995958159824,20,4.27995958159824,20,0.815954537625654,-0.526775078489118,2.18338612609483,0,0.278366710737657,33.6823719992564,174.020107653258,3,1002.12015865556,0.278366710737656,33.6823719992564,0
126,127,4.27995958159824,20,4.27995958159824,20,0.815954537625654,-0.526775078489118,2.18338612609483,0,0.278366710737657,33.9607387099941,173.741740942521,3,1002.12015865556,0.278366710737656,33.9607387099941,0
127,128,4.27995958159824,20,4.27995958159824,20,0.815954537625654,-0.526775078489118,2.18338612609483,0,0.278366710737657,34.2391054207317,173.463374231783,3,1002.12015865556,0.278366710737656,34.2391054207317,0
128,129,4.27995958159824,20,4.27995958159824,20,0.815954537625654,-0.526775078489118,2.18338612609483,0,0.278366710737657,34.5174721314694,173.185007521045,3,1002.12015865556,0.278366710737656,34.5174721314694,0
129,130,4.27995958159824,20,4.27995958159824,20,0.815954537625654,-0.526775078489118,2.18338612609483,0,0.278366710737657,34.7958388422071,172.906640810308,3,1002.12015865556,0.278366710737656,34.7958388422071,0
130,131,4.27995958159824,20,4.27995958159824,20,0.815954537625654,-0.526775078489118,2.18338612609483,0,0.278366710737657,35.0742055529447,172.62827409957,3,1002.12015865556,0.278366710737656,35.0742055529447,0
131,132,4.27995958159824,20,4.27995958159824,20,0.815954537625654,-0.526775078489118,2.18338612609483,0,0.278366710737657,35.3525722636824,172.349907388832,3,1002.12015865556,0.278366710737656,35.3525722636824,0
132,133,4.27995958159824,20,4.27995958159824,20,0.815954537625654,-0.526775078489118,2.18338612609483,0,0.278366710737657,35.63093897442,172.071540678095,3,1002.12015865556,0.278366710737656,35.63093897442,0
133,134,4.27995958159824,20,4.27995958159824,20,0.815954537625654,-0.526775078489118,2.18338612609483,0,0.278366710737657,35.9093056851577,171.793173967357,3,1002.12015865556,0.278366710737656,35.9093056851577,0
134,135,4.27995958159824,20,4.27995958159824,20,0.815954537625654,-0.526775078489118,2.18338612609483,0,0.278366710737657,36.1876723958953,171.514807256619,3,1002.12015865556,0.278366710737656,36.1876723958953,0
135,136,4.27995958159824,20,4.27995958159824,20,0.815954537625654,-0.526775078489118,2.18338612609483,0,0.278366710737657,36.466039106633,171.236440545882,3,1002.12015865556,0.278366710737656,36.466039106633,0
136,137,4.27995958159824,20,4.27995958159824,20,0.815954537625654,-0.526775078489118,2.18338612609483,0,0.278366710737657,36.7444058173707,170.958073835144,3,1002.12015865556,0.278366710737656,36.7444058173707,0
137,138,4.27995958159824,20,4.27995958159824,20,0.815954537625654,-0.526775078489118,2.18338612609483,0,0.278366710737657,37.0227725281083,170.679707124406,3,1002.12015865556,0.278366710737656,37.0227725281083,0
138,139,4.27995958159824,20,4.27995958159824,20,0.815954537625654,-0.526775078489118,2.18338612609483,0,0.278366710737657,37.301139238846,170.401340413669,3,1002.12015865556,0.278366710737656,37.301139238846,0
139,140,4.27995958159824,20,4.27995958159824,20,0.815954537625654,-0.526775078489118,2.18338612609483,0,0.278366710737657,37.5795059495836,170.122973702931,3,1002.12015865556,0.278366710737656,37.5795059495836,0
140,141,4.27995958159824,20,4.27995958159824,20,0.815954537625654,-0.526775078489118,2.18338612609483,0,0.278366710737657,37.8578726603213,169.844606992193,3,1002.12015865556,0.278366710737656,37.8578726603213,0
141,142,4.27995958159824,20,4.27995958159824,20,0.815954537625654,-0.526775078489118,2.18338612609483,0,0.278366710737657,38.1362393710589,169.566240281456,3,1002.12015865556,0.278366710737656,38.1362393710589,0
142,143,4.27995958159824,20,4.27995958159824,20,0.815954537625654,-0.526775078489118,2.18338612609483,0,0.278366710737657,38.4146060817966,169.287873570718,3,1002.12015865556,0.278366710737656,38.4146060817966,0
143,144,4.27995958159824,20,4.27995958159824,20,0.815954537625654,-0.526775078489118,2.18338612609483,0,0.278366710737657,38.6929727925343,169.00950685998,3,1002.12015865556,0.278366710737656,38.6929727925343,0
144,145,4.27995958159824,20,4.27995958159824,20,0.815954537625654,-0.526775078489118,2.18338612609483,0,0.278366710737657,38.9713395032719,168.731140149243,3,1002.12015865556,0.278366710737656,38.9713395032719,0
145,146,4.27995958159824,20,4.27995958159824,20,0.815954537625654,-0.526775078489118,2.18338612609483,0,0.278366710737657,39.2497062140096,168.452773438505,3,1002.12015865556,0.278366710737656,39.2497062140096,0
146,147,4.27995958159824,20,4.27995958159824,20,0.815954537625654,-0.526775078489118,2.18338612609483,0,0.278366710737657,39.5280729247472,168.174406727767,3,1002.12015865556,0.278366710737656,39.5280729247472,0
147,148,4.27995958159824,20,4.27995958159824,20,0.815954537625654,-0.526775078489118,2.18338612609483,0,0.278366710737657,39.8064396354849,167.89604001703,3,1002.12015865556,0.278366710737656,39.8064396354849,0
148,149,4.27995958159824,20,4.27995958159824,20,0.815954537625654,-0.526775078489118,2.18338612609483,0,0.278366710737657,40.0848063462225,167.617673306292,3,1002.12015865556,0.278366710737656,40.0848063462225,0
149,150,4.27995958159824,20,4.27995958159824,20,0.815954537625654,-0.526775078489118,2.18338612609483,0,0.278366710737657,40.3631730569602,167.339306595555,3,1002.12015865556,0.278366710737656,40.3631730569602,0
150,151,4.27995958159824,20,4.27995958159824,20,0.815954537625654,-0.526775078489118,2.18338612609483,0,0.278366710737657,40.6415397676979,167.060939884817,3,1002.12015865556,0.278366710737656,40.6415397676979,0
151,152,4.27995958159824,20,4.27995958159824,20,0.815954537625654,-0.526775078489118,2.18338612609483,0,0.278366710737657,40.9199064784355,166.782573174079,3,1002.12015865556,0.278366710737656,40.9199064784355,0
152,153,4.27995958159824,20,4.27995958159824,20,0.815954537625654,-0.526775078489118,2.18338612609483,0,0.278366710737657,41.1982731891732,166.504206463342,3,1002.12015865556,0.278366710737656,41.1982731891732,0
153,154,4.27995958159824,20,4.27995958159824,20,0.815954537625654,-0.526775078489118,2.18338612609483,0,0.278366710737657,41.4766398999108,166.225839752604,3,1002.12015865556,0.278366710737656,41.4766398999108,0
154,155,4.27995958159824,20,4.27995958159824,20,0.815954537625654,-0.526775078489118,2.18338612609483,0,0.278366710737657,41.7550066106485,165.947473041866,3,1002.12015865556,0.278366710737656,41.7550066106485,0
155,156,4.27995958159824,20,4.27995958159824,20,0.815954537625654,-0.526775078489118,2.18338612609483,0,0.278366710737657,42.0333733213862,165.669106331129,3,1002.12015865556,0.278366710737656,42.0333733213862,0
156,157,4.27995958159824,20,4.27995958159824,20,0.815954537625654,-0.526775078489118,2.18338612609483,0,0.278366710737657,42.3117400321238,165.390739620391,3,1002.12015865556,0.278366710737656,42.3117400321238,0
157,158,4.27995958159824,20,4.27995958159824,20,0.815954537625654,-0.526775078489118,2.18338612609483,0,0.278366710737657,42.5901067428615,165.112372909653,3,1002.12015865556,0.278366710737656,42.5901067428615,0
158,159,4.27995958159824,20,4.27995958159824,20,0.815954537625654,-0.526775078489118,2.18338612609483,0,0.278366710737657,42.8684734535991,164.834006198916,3,1002.12015865556,0.278366710737656,42.8684734535991,0
159,160,4.27995958159824,20,4.27995958159824,20,0.815954537625654,-0.526775078489118,2.18338612609483,0,0.278366710737657,43.1468401643368,164.555639488178,3,1002.12015865556,0.278366710737656,43.1468401643368,0
160,161,4.27995958159824,20,4.27995958159824,20,0.815954537625654,-0.526775078489118,2.18338612609483,0,0.278366710737657,43.4252068750744,164.27727277744,3,1002.12015865556,0.278366710737656,43.4252068750744,0
161,162,4.27995958159824,20,4.27995958159824,20,0.815954537625654,-0.526775078489118,2.18338612609483,0,0.278366710737657,43.7035735858121,163.998906066703,3,1002.12015865556,0.278366710737656,43.7035735858121,0
162,163,4.27995958159824,20,4.27995958159824,20,0.815954537625654,-0.526775078489118,2.18338612609483,0,0.278366710737657,43.9819402965498,163.720539355965,3,1002.12015865556,0.278366710737656,43.9819402965498,0
163,164,4.27995958159824,20,4.27995958159824,20,0.815954537625654,-0.526775078489118,2.18338612609483,0,0.278366710737657,44.2603070072874,163.442172645227,3,1002.12015865556,0.278366710737656,44.2603070072874,0
164,165,4.27995958159824,20,4.27995958159824,20,0.815954537625654,-0.526775078489118,2.18338612609483,0,0.278366710737657,44.5386737180251,163.16380593449,3,1002.12015865556,0.278366710737656,44.5386737180251,0
165,166,4.27995958159824,20,4.27995958159824,20,0.815954537625654,-0.526775078489118,2.18338612609483,0,0.278366710737657,44.8170404287627,162.885439223752,3,1002.12015865556,0.278366710737656,44.8170404287627,0
166,167,4.27995958159824,20,4.27995958159824,20,0.815954537625654,-0.526775078489118,2.18338612609483,0,0.278366710737657,45.0954071395004,162.607072513014,3,1002.12015865556,0.278366710737656,45.0954071395004,0
167,168,4.27995958159824,20,4.27995958159824,20,0.815954537625654,-0.526775078489118,2.18338612609483,0,0.278366710737657,45.373773850238,162.328705802277,3,1002.12015865556,0.278366710737656,45.373773850238,0
168,169,4.27995958159824,20,4.27995958159824,20,0.815954537625654,-0.526775078489118,2.18338612609483,0,0.278366710737657,45.6521405609757,162.050339091539,3,1002.12015865556,0.278366710737656,45.6521405609757,0
169,170,4.27995958159824,20,4.27995958159824,20,0.815954537625654,-0.526775078489118,2.18338612609483,0,0.278366710737657,45.9305072717134,161.771972380801,3,1002.12015865556,0.278366710737656,45.9305072717134,0
170,171,4.27995958159824,20,4.27995958159824,20,0.815954537625654,-0.526775078489118,2.18338612609483,0,0.278366710737657,46.208873982451,161.493605670064,3,1002.12015865556,0.278366710737656,46.208873982451,0
171,172,4.27995958159824,20,4.27995958159824,20,0.815954537625654,-0.526775078489118,2.18338612609483,0,0.278366710737657,46.4872406931887,161.215238959326,3,1002.12015865556,0.278366710737656,46.4872406931887,0
172,173,4.27995958159824,20,4.27995958159824,20,0.815954537625654,-0.526775078489118,2.18338612609483,0,0.278366710737657,46.7656074039263,160.936872248588,3,1002.12015865556,0.278366710737656,46.7656074039263,0
173,174,4.27995958159824,20,4.27995958159824,20,0.815954537625654,-0.526775078489118,2.18338612609483,0,0.278366710737657,47.043974114664,160.658505537851,3,1002.12015865556,0.278366710737656,47.043974114664,0
174,175,4.27995958159824,20,4.27995958159824,20,0.815954537625654,-0.526775078489118,2.18338612609483,0,0.278366710737657,47.3223408254016,160.380138827113,3,1002.12015865556,0.278366710737656,47.3223408254016,0
175,176,4.27995958159824,20,4.27995958159824,20,0.815954537625654,-0.526775078489118,2.18338612609483,0,0.278366710737657,47.6007075361393,160.101772116375,3,1002.12015865556,0.278366710737656,47.6007075361393,0
176,177,4.27995958159824,20,4.27995958159824,20,0.815954537625654,-0.526775078489118,2.18338612609483,0,0.278366710737657,47.879074246877,159.823405405638,3,1002.12015865556,0.278366710737656,47.879074246877,0
177,178,4.27995958159824,20,4.27995958159824,20,0.815954537625654,-0.526775078489118,2.18338612609483,0,0.278366710737657,48.1574409576146,159.5450386949,3,1002.12015865556,0.278366710737656,48.1574409576146,0
178,179,4.27995958159824,20,4.27995958159824,20,0.815954537625654,-0.526775078489118,2.18338612609483,0,0.278366710737657,48.4358076683523,159.266671984162,3,1002.12015865556,0.278366710737656,48.4358076683523,0
179,180,4.27995958159824,20,4.27995958159824,20,0.815954537625654,-0.526775078489118,2.18338612609483,0,0.278366710737657,48.7141743790899,158.988305273425,3,1002.12015865556,0.278366710737656,48.7141743790899,0
180,181,4.27995958159824,20,4.27995958159824,20,0.815954537625654,-0.526775078489118,2.18338612609483,0,0.278366710737657,48.9925410898276,158.709938562687,3,1002.12015865556,0.278366710737656,48.9925410898276,0
181,182,4.27995958159824,20,4.27995958159824,20,0.815954537625654,-0.526775078489118,2.18338612609483,0,0.278366710737657,49.2709078005652,158.431571851949,3,1002.12015865556,0.278366710737656,49.2709078005652,0
182,183,4.27995958159824,20,4.27995958159824,20,0.815954537625654,-0.526775078489118,2.18338612609483,0,0.278366710737657,49.5492745113029,158.153205141212,3,1002.12015865556,0.278366710737656,49.5492745113029,0
183,184,4.27995958159824,20,4.27995958159824,20,0.815954537625654,-0.526775078489118,2.18338612609483,0,0.278366710737657,49.8276412220406,157.874838430474,3,1002.12015865556,0.278366710737656,49.8276412220406,0
184,185,4.27995958159824,20,4.27995958159824,20,0.815954537625654,-0.526775078489118,2.18338612609483,0,0.278366710737657,50.1060079327782,157.596471719737,3,1002.12015865556,0.278366710737656,50.1060079327782,0
185,186,4.27995958159824,20,4.27995958159824,20,0.815954537625654,-0.526775078489118,2.18338612609483,0,0.278366710737657,50.3843746435159,157.318105008999,3,1002.12015865556,0.278366710737656,50.3843746435159,0
186,187,4.27995958159824,20,4.27995958159824,20,0.815954537625654,-0.526775078489118,2.18338612609483,0,0.278366710737657,50.6627413542535,157.039738298261,3,1002.12015865556,0.278366710737656,50.6627413542535,0
187,188,4.27995958159824,20,4.27995958159824,20,0.815954537625654,-0.526775078489118,2.18338612609483,0,0.278366710737657,50.9411080649912,156.761371587524,3,1002.12015865556,0.278366710737656,50.9411080649912,0
188,189,4.27995958159824,20,4.27995958159824,20,0.815954537625654,-0.526775078489118,2.18338612609483,0,0.278366710737657,51.2194747757288,156.483004876786,3,1002.12015865556,0.278366710737656,51.2194747757288,0
189,190,4.27995958159824,20,4.27995958159824,20,0.815954537625654,-0.526775078489118,2.18338612609483,0,0.278366710737657,51.4978414864665,156.204638166048,3,1002.12015865556,0.278366710737656,51.4978414864665,0
190,191,4.27995958159824,20,4.27995958159824,20,0.815954537625654,-0.526775078489118,2.18338612609483,0,0.278366710737657,51.7762081972042,155.926271455311,3,1002.12015865556,0.278366710737656,51.7762081972042,0
191,192,4.27995958159824,20,4.27995958159824,20,0.815954537625654,-0.526775078489118,2.18338612609483,0,0.278366710737657,52.0545749079418,155.647904744573,3,1002.12015865556,0.278366710737656,52.0545749079418,0
192,193,4.27995958159824,20,4.27995958159824,20,0.815954537625654,-0.526775078489118,2.18338612609483,0,0.278366710737657,52.3329416186795,155.369538033835,3,1002.12015865556,0.278366710737656,52.3329416186795,0
193,194,4.27995958159824,20,4.27995958159824,20,0.815954537625654,-0.526775078489118,2.18338612609483,0,0.278366710737657,52.6113083294171,155.091171323098,3,1002.12015865556,0.278366710737656,52.6113083294171,0
194,195,4.27995958159824,20,4.27995958159824,20,0.815954537625654,-0.526775078489118,2.18338612609483,0,0.278366710737657,52.8896750401548,154.81280461236,3,1002.12015865556,0.278366710737656,52.8896750401548,0
195,196,4.27995958159824,20,4.27995958159824,20,0.815954537625654,-0.526775078489118,2.18338612609483,0,0.278366710737657,53.1680417508924,154.534437901622,3,1002.12015865556,0.278366710737656,53.1680417508924,0
196,197,4.27995958159824,20,4.27995958159824,20,0.815954537625654,-0.526775078489118,2.18338612609483,0,0.278366710737657,53.4464084616301,154.256071190885,3,1002.12015865556,0.278366710737656,53.4464084616301,0
197,198,4.27995958159824,20,4.27995958159824,20,0.815954537625654,-0.526775078489118,2.18338612609483,0,0.278366710737657,53.7247751723678,153.977704480147,3,1002.12015865556,0.278366710737656,53.7247751723678,0
198,199,4.27995958159824,20,4.27995958159824,20,0.815954537625654,-0.526775078489118,2.18338612609483,0,0.278366710737657,54.0031418831054,153.699337769409,3,1002.12015865556,0.278366710737656,54.0031418831054,0
199,200,4.27995958159824,20,4.27995958159824,20,0.815954537625654,-0.526775078489118,2.18338612609483,0,0.278366710737657,54.2815085938431,153.420971058672,3,1002.12015865556,0.278366710737656,54.2815085938431,0
200,201,4.27995958159824,20,4.27995958159824,20,0.815954537625654,-0.526775078489118,2.18338612609483,0,0.278366710737657,54.5598753045807,153.142604347934,3,1002.12015865556,0.278366710737656,54.5598753045807,0
201,202,4.27995958159824,20,4.27995958159824,20,0.815954537625654,-0.526775078489118,2.18338612609483,0,0.278366710737657,54.8382420153184,152.864237637196,3,1002.12015865556,0.278366710737656,54.8382420153184,0
202,203,4.27995958159824,20,4.27995958159824,20,0.815954537625654,-0.526775078489118,2.18338612609483,0,0.278366710737657,55.116608726056,152.585870926459,3,1002.12015865556,0.278366710737656,55.116608726056,0
203,204,4.27995958159824,20,4.27995958159824,20,0.815954537625654,-0.526775078489118,2.18338612609483,0,0.278366710737657,55.3949754367937,152.307504215721,3,1002.12015865556,0.278366710737656,55.3949754367937,0
204,205,4.27995958159824,20,4.27995958159824,20,0.815954537625654,-0.526775078489118,2.18338612609483,0,0.278366710737657,55.6733421475314,152.029137504983,3,1002.12015865556,0.278366710737656,55.6733421475314,0
205,206,4.27995958159824,20,4.27995958159824,20,0.815954537625654,-0.526775078489118,2.18338612609483,0,0.278366710737657,55.951708858269,151.750770794246,3,1002.12015865556,0.278366710737656,55.951708858269,0
206,207,4.27995958159824,20,4.27995958159824,20,0.815954537625654,-0.526775078489118,2.18338612609483,0,0.278366710737657,56.2300755690067,151.472404083508,3,1002.12015865556,0.278366710737656,56.2300755690067,0
207,208,4.27995958159824,20,4.27995958159824,20,0.815954537625654,-0.526775078489118,2.18338612609483,0,0.278366710737657,56.5084422797443,151.19403737277,3,1002.12015865556,0.278366710737656,56.5084422797443,0
208,209,4.27995958159824,20,4.27995958159824,20,0.815954537625654,-0.526775078489118,2.18338612609483,0,0.278366710737657,56.786808990482,150.915670662033,3,1002.12015865556,0.278366710737656,56.786808990482,0
209,210,4.27995958159824,20,4.27995958159824,20,0.815954537625654,-0.526775078489118,2.18338612609483,0,0.278366710737657,57.0651757012196,150.637303951295,3,1002.12015865556,0.278366710737656,57.0651757012196,0
210,211,4.27995958159824,20,4.27995958159824,20,0.815954537625654,-0.526775078489118,2.18338612609483,0,0.278366710737657,57.3435424119573,150.358937240557,3,1002.12015865556,0.278366710737656,57.3435424119573,0
211,212,4.27995958159824,20,4.27995958159824,20,0.815954537625654,-0.526775078489118,2.18338612609483,0,0.278366710737657,57.621909122695,150.08057052982,3,1002.12015865556,0.278366710737656,57.621909122695,0
212,213,4.27995958159824,20,4.27995958159824,20,0.815954537625654,-0.526775078489118,2.18338612609483,0,0.278366710737657,57.9002758334326,149.802203819082,3,1002.12015865556,0.278366710737656,57.9002758334326,0
213,214,4.27995958159824,20,4.27995958159824,20,0.815954537625654,-0.526775078489118,2.18338612609483,0,0.278366710737657,58.1786425441703,149.523837108344,3,1002.12015865556,0.278366710737656,58.1786425441703,0
214,215,4.27995958159824,20,4.27995958159824,20,0.815954537625654,-0.526775078489118,2.18338612609483,0,0.278366710737657,58.4570092549079,149.245470397607,3,1002.12015865556,0.278366710737656,58.4570092549079,0
215,216,4.27995958159824,20,4.27995958159824,20,0.815954537625654,-0.526775078489118,2.18338612609483,0,0.278366710737657,58.7353759656456,148.967103686869,3,1002.12015865556,0.278366710737656,58.7353759656456,0
216,217,4.27995958159824,20,4.27995958159824,20,0.815954537625654,-0.526775078489118,2.18338612609483,0,0.278366710737657,59.0137426763832,148.688736976131,3,1002.12015865556,0.278366710737656,59.0137426763832,0
217,218,4.27995958159824,20,4.27995958159824,20,0.815954537625654,-0.526775078489118,2.18338612609483,0,0.278366710737657,59.2921093871209,148.410370265394,3,1002.12015865556,0.278366710737656,59.2921093871209,0
218,219,4.27995958159824,20,4.27995958159824,20,0.815954537625654,-0.526775078489118,2.18338612609483,0,0.278366710737657,59.5704760978586,148.132003554656,3,1002.12015865556,0.278366710737656,59.5704760978586,0
219,220,4.27995958159824,20,4.27995958159824,20,0.815954537625654,-0.526775078489118,2.18338612609483,0,0.278366710737657,59.8488428085962,147.853636843919,3,1002.12015865556,0.278366710737656,59.8488428085962,0
220,221,4.27995958159824,20,4.27995958159824,20,0.815954537625654,-0.526775078489118,2.18338612609483,0,0.278366710737657,60.1272095193339,147.575270133181,3,1002.12015865556,0.278366710737656,60.1272095193339,0
221,222,4.27995958159824,20,4.27995958159824,20,0.815954537625654,-0.526775078489118,2.18338612609483,0,0.278366710737657,60.4055762300715,147.296903422443,3,1002.12015865556,0.278366710737656,60.4055762300715,0
222,223,4.27995958159824,20,4.27995958159824,20,0.815954537625654,-0.526775078489118,2.18338612609483,0,0.278366710737657,60.6839429408092,147.018536711706,3,1002.12015865556,0.278366710737656,60.6839429408092,0
223,224,4.27995958159824,20,4.27995958159824,20,0.815954537625654,-0.526775078489118,2.18338612609483,0,0.278366710737657,60.9623096515468,146.740170000968,3,1002.12015865556,0.278366710737656,60.9623096515468,0
224,225,4.27995958159824,20,4.27995958159824,20,0.815954537625654,-0.526775078489118,2.18338612609483,0,0.278366710737657,61.2406763622845,146.46180329023,3,1002.12015865556,0.278366710737656,61.2406763622845,0
225,226,4.27995958159824,20,4.27995958159824,20,0.815954537625654,-0.526775078489118,2.18338612609483,0,0.278366710737657,61.5190430730222,146.183436579493,3,1002.12015865556,0.278366710737656,61.5190430730222,0
226,227,4.27995958159824,20,4.27995958159824,20,0.815954537625654,-0.526775078489118,2.18338612609483,0,0.278366710737657,61.7974097837598,145.905069868755,3,1002.12015865556,0.278366710737656,61.7974097837598,0
227,228,4.27995958159824,20,4.27995958159824,20,0.815954537625654,-0.526775078489118,2.18338612609483,0,0.278366710737657,62.0757764944975,145.626703158017,3,1002.12015865556,0.278366710737656,62.0757764944975,0
228,229,4.27995958159824,20,4.27995958159824,20,0.815954537625654,-0.526775078489118,2.18338612609483,0,0.278366710737657,62.3541432052351,145.34833644728,3,1002.12015865556,0.278366710737656,62.3541432052351,0
229,230,4.27995958159824,20,4.27995958159824,20,0.815954537625654,-0.526775078489118,2.18338612609483,0,0.278366710737657,62.6325099159728,145.069969736542,3,1002.12015865556,0.278366710737656,62.6325099159728,0
230,231,4.27995958159824,20,4.27995958159824,20,0.815954537625654,-0.526775078489118,2.18338612609483,0,0.278366710737657,62.9108766267104,144.791603025804,3,1002.12015865556,0.278366710737656,62.9108766267104,0
231,232,4.27995958159824,20,4.27995958159824,20,0.815954537625654,-0.526775078489118,2.18338612609483,0,0.278366710737657,63.1892433374481,144.513236315067,3,1002.12015865556,0.278366710737656,63.1892433374481,0
232,233,4.27995958159824,20,4.27995958159824,20,0.815954537625654,-0.526775078489118,2.18338612609483,0,0.278366710737657,63.4676100481858,144.234869604329,3,1002.12015865556,0.278366710737656,63.4676100481858,0
233,234,4.27995958159824,20,4.27995958159824,20,0.815954537625654,-0.526775078489118,2.18338612609483,0,0.278366710737657,63.7459767589234,143.956502893591,3,1002.12015865556,0.278366710737656,63.7459767589234,0
234,235,4.27995958159824,20,4.27995958159824,20,0.815954537625654,-0.526775078489118,2.18338612609483,0,0.278366710737657,64.0243434696611,143.678136182854,3,1002.12015865556,0.278366710737656,64.0243434696611,0
235,236,4.27995958159824,20,4.27995958159824,20,0.815954537625654,-0.526775078489118,2.18338612609483,0,0.278366710737657,64.3027101803987,143.399769472116,3,1002.12015865556,0.278366710737656,64.3027101803987,0
236,237,4.27995958159824,20,4.27995958159824,20,0.815954537625654,-0.526775078489118,2.18338612609483,0,0.278366710737657,64.5810768911364,143.121402761378,3,1002.12015865556,0.278366710737656,64.5810768911364,0
237,238,4.27995958159824,20,4.27995958159824,20,0.815954537625654,-0.526775078489118,2.18338612609483,0,0.278366710737657,64.859443601874,142.843036050641,3,1002.12015865556,0.278366710737656,64.859443601874,0
238,239,4.27995958159824,20,4.27995958159824,20,0.815954537625654,-0.526775078489118,2.18338612609483,0,0.278366710737657,65.1378103126117,142.564669339903,3,1002.12015865556,0.278366710737656,65.1378103126117,0
239,240,4.27995958159824,20,4.27995958159824,20,0.815954537625654,-0.526775078489118,2.18338612609483,0,0.278366710737657,65.4161770233494,142.286302629165,3,1002.12015865556,0.278366710737656,65.4161770233494,0
240,241,4.27995958159824,20,4.27995958159824,20,0.815954537625654,-0.526775078489118,2.18338612609483,0,0.278366710737657,65.694543734087,142.007935918428,3,1002.12015865556,0.278366710737656,65.694543734087,0
241,242,4.27995958159824,20,4.27995958159824,20,0.815954537625654,-0.526775078489118,2.18338612609483,0,0.278366710737657,65.9729104448247,141.72956920769,3,1002.12015865556,0.278366710737656,65.9729104448247,0
242,243,4.27995958159824,20,4.27995958159824,20,0.815954537625654,-0.526775078489118,2.18338612609483,0,0.278366710737657,66.2512771555623,141.451202496952,3,1002.12015865556,0.278366710737656,66.2512771555623,0
243,244,4.27995958159824,20,4.27995958159824,20,0.815954537625654,-0.526775078489118,2.18338612609483,0,0.278366710737657,66.5296438663,141.172835786215,3,1002.12015865556,0.278366710737656,66.5296438663,0
244,245,4.27995958159824,20,4.27995958159824,20,0.815954537625654,-0.526775078489118,2.18338612609483,0,0.278366710737657,66.8080105770376,140.894469075477,1,1002.12015865556,0.278366710737656,66.8080105770376,0
