route_id,seed,method_code,distance_km,tke_exposure,flight_s,energy_Wh,paper_cost,MATLAB_distance_km,MATLAB_tke_exposure,MATLAB_flight_s,MATLAB_energy_Wh,MATLAB_cost,time_error_s,energy_error_Wh
1,20260923,0,6,5.8393,491.06,129.34,1175.5485,6,5.83930743972874,491.06324427713,129.343213520213,1175.54848993327,0.00324427713047726,0.00321352021299504
2,20260923,1,15.3054,2.3997,1321.58,325.76,241.2726,15.3053823869162,2.39971458289179,1321.57549355157,325.760220121738,241.272632663977,0.00450644842908332,0.000220121738095713
3,20260923,2,6.6627,4.4361,564.24,143.79,733.2868,6.66274169979696,4.43606570566333,564.23509293958,143.792247454961,733.286791672923,0.00490706042035072,0.00224745496080914
4,20260924,0,6,0.6635,600.68,149.07,51.2642,6,0.663471441091761,600.6823092615,149.069047345368,51.264178876231,0.00230926150015875,0.000952654631731775
5,20260924,1,6.8284,0.6307,676.48,167.92,46.4556,6.8284271247462,0.630740517623703,676.475250187101,167.9150194978,46.4555967502202,0.00474981289903553,0.00498050219974289
6,20260924,2,6,0.6635,600.68,149.07,51.2642,6,0.663471441091761,600.6823092615,149.069047345368,51.264178876231,0.00230926150015875,0.000952654631731775
7,20260925,0,6,0.3693,565.33,138.8,25.0832,6,0.369334240696347,565.326416461077,138.802222208598,25.0832091713171,0.00358353892295327,0.00222220859762956
8,20260925,1,6.1657,0.369,580.02,142.41,24.9537,6.16568542494924,0.368985092527777,580.015323403926,142.414617041527,24.9537075639743,0.00467659607420501,0.00461704152704101
9,20260925,2,6,0.3693,565.33,138.8,25.0832,6,0.369334240696347,565.326416461077,138.802222208598,25.0832091713171,0.00358353892295327,0.00222220859762956
