speed,payload,tke,power_W,Wh_per_km,six_km_seconds,MATLAB_power_W,MATLAB_Wh_per_km,MATLAB_six_km_seconds
5,0,0.3,665.238896990741,36.9577164994856,1200,665.238896990741,36.9577164994856,1200
6,0,0.3,603.98875,27.9624421296296,1000,603.98875,27.9624421296296,1000
7,0,0.3,571.969489914021,22.6972019807151,857.142857142857,571.969489914021,22.6972019807151,857.142857142857
8,0,0.3,561.909074074074,19.5107317386831,750,561.909074074074,19.5107317386831,750
9,0,0.3,570.27203125,17.6009886188272,666.666666666667,570.27203125,17.6009886188272,666.666666666667
10,0,0.3,595.391175925926,16.5386437757202,600,595.391175925926,16.5386437757202,600
11,0,0.3,636.618387521044,16.0762219070971,545.454545454545,636.618387521044,16.0762219070971,545.454545454545
12,0,0.3,693.9,16.0625,500,693.9,16.0625,500
13,0,0.3,767.548165509259,16.4006018271209,461.538461538462,767.548165509259,16.4006018271209,461.538461538462
14,0,0.3,858.110205026455,17.0259961314773,428.571428571429,858.110205026455,17.0259961314773,428.571428571429
15,0,0.3,966.29021875,17.8942633101852,400,966.29021875,17.8942633101852,400
16,0,0.3,1092.90009259259,18.9739599408436,375,1092.90009259259,18.9739599408436,375
17,0,0.3,1238.82779650054,20.2422842565448,352.941176470588,1238.82779650054,20.2422842565448,352.941176470588
18,0,0.3,1405.01625,21.682349537037,333.333333333333,1405.01625,21.682349537037,333.333333333333
19,0,0.3,1592.44886178119,23.2814161079121,315.789473684211,1592.44886178119,23.2814161079121,315.789473684211
20,0,0.3,1802.13940740741,25.0297139917695,300,1802.13940740741,25.0297139917695,300
5,0,1.5,754.736313657407,41.9297952031893,1200,754.736313657407,41.9297952031893,1200
6,0,1.5,684.71875,31.6999421296296,1000,684.71875,31.6999421296296,1000
7,0,1.5,648.116216104497,25.7188974644642,857.142857142857,648.116216104497,25.7188974644642,857.142857142857
8,0,1.5,636.615740740741,22.1047132201646,750,636.615740740741,22.1047132201646,750
9,0,1.5,646.17578125,19.9436969521605,666.666666666667,646.17578125,19.9436969521605,666.666666666667
10,0,1.5,674.890509259259,18.746958590535,600,674.890509259259,18.746958590535,600
11,0,1.5,722.019031460438,18.2328038247585,545.454545454545,722.019031460438,18.2328038247585,545.454545454545
12,0,1.5,787.5,18.2291666666667,500,787.5,18.2291666666667,500
13,0,1.5,871.690248842592,18.6258600180041,461.538461538462,871.690248842592,18.6258600180041,461.538461538462
14,0,1.5,975.215443121693,19.3495127603511,428.571428571429,975.215443121693,19.3495127603511,428.571428571429
15,0,1.5,1098.88046875,20.3496383101852,400,1098.88046875,20.3496383101852,400
16,0,1.5,1243.61342592593,21.5905108667695,375,1243.61342592593,21.5905108667695,375
17,0,1.5,1410.4293896378,23.0462318568268,352.941176470588,1410.4293896378,23.0462318568268,352.941176470588
18,0,1.5,1600.40625,24.6976273148148,333.333333333333,1600.40625,24.6976273148148,333.333333333333
19,0,1.5,1814.66818195663,26.5302365783133,315.789473684211,1814.66818195663,26.5302365783133,315.789473684211
20,0,1.5,2054.37407407407,28.5329732510288,300,2054.37407407407,28.5329732510288,300
5,1,0.3,843.289312729563,46.8494062627535,1200,843.289312729563,46.8494062627535,1200
6,1,0.3,764.596850188312,35.398002323533,1000,764.596850188312,35.398002323533,1000
7,1,0.3,723.4594072807,28.708706638123,857.142857142857,723.4594072807,28.708706638123,857.142857142857
8,1,0.3,710.534068558588,24.671321824951,750,710.534068558588,24.671321824951,750
9,1,0.3,721.278560231402,22.2616839577593,666.666666666667,721.278560231402,22.2616839577593,666.666666666667
10,1,0.3,753.550929337347,20.9319702593708,600,753.550929337347,20.9319702593708,600
11,1,0.3,806.518488821237,20.3666285055868,545.454545454545,806.518488821237,20.3666285055868,545.454545454545
12,1,0.3,880.112290073405,20.3729696776251,500,880.112290073405,20.3729696776251,500
13,1,0.3,974.73337737374,20.8276362686697,461.538461538462,974.73337737374,20.8276362686697,461.538461538462
14,1,0.3,1091.08493328827,21.6485105811164,428.571428571429,1091.08493328827,21.6485105811164,428.571428571429
15,1,0.3,1230.07156590711,22.7791030723539,400,1230.07156590711,22.7791030723539,400
16,1,0.3,1392.7363633682,24.1794507529201,375,1392.7363633682,24.1794507529201,375
17,1,0.3,1580.22016443145,25.8205909220826,352.941176470588,1580.22016443145,25.8205909220826,352.941176470588
18,1,0.3,1793.73440552823,27.6810865050653,333.333333333333,1793.73440552823,27.6810865050653,333.333333333333
19,1,0.3,2034.54254242674,29.7447740120869,315.789473684211,2034.54254242674,29.7447740120869,315.789473684211
20,1,0.3,2303.94704539781,31.9992645194141,300,2303.94704539781,31.9992645194141,300
5,1,1.5,958.273071211727,53.2373928450959,1200,958.273071211727,53.2373928450959,1200
6,1,1.5,868.316478843498,40.1998369834953,1000,868.316478843498,40.1998369834953,1000
7,1,1.5,821.290574923265,32.5908958302883,857.142857142857,821.290574923265,32.5908958302883,857.142857142857
8,1,1.5,806.515088312502,28.0039961219619,750,806.515088312502,28.0039961219619,750
9,1,1.5,818.797558912637,25.271529596069,666.666666666667,818.797558912637,25.271529596069,666.666666666667
10,1,1.5,855.689432145079,23.7691508929189,600,855.689432145079,23.7691508929189,600
11,1,1.5,916.238829169406,23.1373441709446,545.454545454545,916.238829169406,23.1373441709446,545.454545454545
12,1,1.5,1000.36693199246,23.1566419442699,500,1000.36693199246,23.1566419442699,500
13,1,1.5,1108.53219083479,23.6865852742477,461.538461538462,1108.53219083479,23.6865852742477,461.538461538462
14,1,1.5,1241.53844262575,24.6336992584475,428.571428571429,1241.53844262575,24.6336992584475,428.571428571429
15,1,1.5,1400.41978210057,25.9336996685291,400,1400.41978210057,25.9336996685291,400
16,1,1.5,1586.36860623601,27.5411216360418,375,1586.36860623601,27.5411216360418,375
17,1,1.5,1800.68905476757,29.4230237707119,352.941176470588,1800.68905476757,29.4230237707119,352.941176470588
18,1,1.5,2044.76597053426,31.5550304094794,333.333333333333,2044.76597053426,31.5550304094794,333.333333333333
19,1,1.5,2320.04366181983,33.9187669856701,315.789473684211,2320.04366181983,33.9187669856701,315.789473684211
20,1,1.5,2628.01103599154,36.5001532776602,300,2628.01103599154,36.5001532776602,300
5,3,0.3,1241.24154141661,68.9578634120337,1200,1241.24154141661,68.9578634120337,1200
6,3,0.3,1123.56456812324,52.0168781538539,1000,1123.56456812324,52.0168781538539,1000
7,3,0.3,1062.04749756698,42.1447419669436,857.142857142857,1062.04749756698,42.1447419669436,857.142857142857
8,3,0.3,1042.71890254668,36.2055174495376,750,1042.71890254668,36.2055174495376,750
9,3,0.3,1058.78625155066,32.6785880108228,666.666666666667,1058.78625155066,32.6785880108228,666.666666666667
10,3,0.3,1107.04646091192,30.7512905808866,600,1107.04646091192,30.7512905808866,600
11,3,0.3,1186.25432760605,29.9559173637891,545.454545454545,1186.25432760605,29.9559173637891,545.454545454545
12,3,0.3,1296.30674565014,30.0071005937532,500,1296.30674565014,30.0071005937532,500
13,3,0.3,1437.80343800989,30.722295683972,461.538461538462,1437.80343800989,30.722295683972,461.538461538462
14,3,0.3,1611.79594626082,31.9800782988259,428.571428571429,1611.79594626082,31.9800782988259,428.571428571429
15,3,0.3,1819.63702438502,33.696981933056,400,1819.63702438502,33.696981933056,400
16,3,0.3,2062.88650989406,35.8140019078831,375,2062.88650989406,35.8140019078831,375
17,3,0.3,2343.25041690859,38.2884055050423,352.941176470588,2343.25041690859,38.2884055050423,352.941176470588
18,3,0.3,2662.54033154466,41.0885853633436,333.333333333333,2662.54033154466,41.0885853633436,333.333333333333
19,3,0.3,3022.64562980974,44.1907255820137,315.789473684211,3022.64562980974,44.1907255820137,315.789473684211
20,3,0.3,3425.51403012978,47.5765837518025,300,3425.51403012978,47.5765837518025,300
5,3,1.5,1413.18864078439,78.5104800435773,1200,1413.18864078439,78.5104800435773,1200
6,3,1.5,1278.66724984267,59.1975578630868,1000,1278.66724984267,59.1975578630868,1000
7,3,1.5,1208.34455487279,47.9501807489202,857.142857142857,1208.34455487279,47.9501807489202,857.142857142857
8,3,1.5,1186.24924247384,41.1892098081196,750,1186.24924247384,41.1892098081196,750
9,3,1.5,1204.61649034121,37.1795213068275,666.666666666667,1204.61649034121,37.1795213068275,666.666666666667
10,3,1.5,1259.7847217184,34.9940200477332,600,1259.7847217184,34.9940200477332,600
11,3,1.5,1350.33049378425,34.0992548935417,545.454545454545,1350.33049378425,34.0992548935417,545.454545454545
12,3,1.5,1476.13594184658,34.1698134686708,500,1476.13594184658,34.1698134686708,500
13,3,1.5,1637.88663390792,34.9975776476052,461.538461538462,1637.88663390792,34.9975776476052,461.538461538462
14,3,1.5,1836.78463041744,36.4441394924096,428.571428571429,1836.78463041744,36.4441394924096,428.571428571429
15,3,1.5,2074.37632012204,38.4143762985564,400,2074.37632012204,38.4143762985564,400
16,3,1.5,2352.44481747333,40.841055858912,375,2352.44481747333,40.841055858912,375
17,3,1.5,2672.94033742035,43.6754957094829,352.941176470588,2672.94033742035,43.6754957094829,352.941176470588
18,3,1.5,3037.93377860473,46.8816941142706,333.333333333333,3037.93377860473,46.8816941142706,333.333333333333
19,3,1.5,3449.58496449423,50.4325287206759,315.789473684211,3449.58496449423,50.4325287206759,315.789473684211
20,3,1.5,3910.12041217619,54.3072279468915,300,3910.12041217619,54.3072279468915,300
