start_s,end_s,x_before,y_before,x_after,y_after,tke,u,v,gust,energy_increment_Wh,hold_energy_Wh,battery_Wh,status_code
5,6,4.279959581598238,20,4.279959581598238,20,0.8159545376256536,-0.5267750784891179,2.1833861260948275,0,0.27836671073765556,0.27836671073765556,207.42411294177717,3
6,7,4.279959581598238,20,4.279959581598238,20,0.8159545376256536,-0.5267750784891179,2.1833861260948275,0,0.27836671073765556,0.5567334214753111,207.1457462310395,3
7,8,4.279959581598238,20,4.279959581598238,20,0.8159545376256536,-0.5267750784891179,2.1833861260948275,0,0.2783667107376556,0.8351001322129668,206.86737952030185,3
8,9,4.279959581598238,20,4.279959581598238,20,0.8159545376256536,-0.5267750784891179,2.1833861260948275,0,0.2783667107376555,1.1134668429506223,206.5890128095642,3
9,10,4.279959581598238,20,4.279959581598238,20,0.8159545376256536,-0.5267750784891179,2.1833861260948275,0,0.2783667107376555,1.3918335536882778,206.31064609882654,3
10,11,4.279959581598238,20,4.279959581598238,20,0.8159545376256536,-0.5267750784891179,2.1833861260948275,0,0.2783667107376555,1.6702002644259333,206.03227938808888,3
11,12,4.279959581598238,20,4.279959581598238,20,0.8159545376256536,-0.5267750784891179,2.1833861260948275,0,0.2783667107376555,1.9485669751635888,205.75391267735122,3
12,13,4.279959581598238,20,4.279959581598238,20,0.8159545376256536,-0.5267750784891179,2.1833861260948275,0,0.27836671073765573,2.2269336859012445,205.47554596661357,3
13,14,4.279959581598238,20,4.279959581598238,20,0.8159545376256536,-0.5267750784891179,2.1833861260948275,0,0.2783667107376555,2.5053003966389,205.1971792558759,3
14,15,4.279959581598238,20,4.279959581598238,20,0.8159545376256536,-0.5267750784891179,2.1833861260948275,0,0.2783667107376555,2.7836671073765555,204.91881254513825,3
15,16,4.279959581598238,20,4.279959581598238,20,0.8159545376256536,-0.5267750784891179,2.1833861260948275,0,0.2783667107376555,3.062033818114211,204.6404458344006,3
16,17,4.279959581598238,20,4.279959581598238,20,0.8159545376256536,-0.5267750784891179,2.1833861260948275,0,0.2783667107376555,3.3404005288518666,204.36207912366294,3
17,18,4.279959581598238,20,4.279959581598238,20,0.8159545376256536,-0.5267750784891179,2.1833861260948275,0,0.2783667107376555,3.618767239589522,204.08371241292528,3
18,19,4.279959581598238,20,4.279959581598238,20,0.8159545376256536,-0.5267750784891179,2.1833861260948275,0,0.2783667107376555,3.8971339503271776,203.80534570218762,3
19,20,4.279959581598238,20,4.279959581598238,20,0.8159545376256536,-0.5267750784891179,2.1833861260948275,0,0.27836671073765595,4.1755006610648335,203.52697899144997,3
20,21,4.279959581598238,20,4.279959581598238,20,0.8159545376256536,-0.5267750784891179,2.1833861260948275,0,0.2783667107376555,4.453867371802489,203.2486122807123,3
21,22,4.279959581598238,20,4.279959581598238,20,0.8159545376256536,-0.5267750784891179,2.1833861260948275,0,0.2783667107376555,4.7322340825401445,202.97024556997465,3
22,23,4.279959581598238,20,4.279959581598238,20,0.8159545376256536,-0.5267750784891179,2.1833861260948275,0,0.2783667107376555,5.0106007932778,202.691878859237,3
23,24,4.279959581598238,20,4.279959581598238,20,0.8159545376256536,-0.5267750784891179,2.1833861260948275,0,0.2783667107376555,5.288967504015456,202.41351214849934,3
24,25,4.279959581598238,20,4.279959581598238,20,0.8159545376256536,-0.5267750784891179,2.1833861260948275,0,0.2783667107376555,5.567334214753111,202.13514543776168,3
25,26,4.279959581598238,20,4.279959581598238,20,0.8159545376256536,-0.5267750784891179,2.1833861260948275,0,0.2783667107376555,5.845700925490767,201.85677872702402,3
26,27,4.279959581598238,20,4.279959581598238,20,0.8159545376256536,-0.5267750784891179,2.1833861260948275,0,0.2783667107376555,6.124067636228422,201.57841201628636,3
27,28,4.279959581598238,20,4.279959581598238,20,0.8159545376256536,-0.5267750784891179,2.1833861260948275,0,0.2783667107376555,6.402434346966078,201.3000453055487,3
28,29,4.279959581598238,20,4.279959581598238,20,0.8159545376256536,-0.5267750784891179,2.1833861260948275,0,0.2783667107376555,6.680801057703733,201.02167859481105,3
29,30,4.279959581598238,20,4.279959581598238,20,0.8159545376256536,-0.5267750784891179,2.1833861260948275,0,0.2783667107376555,6.959167768441389,200.7433118840734,3
30,31,4.279959581598238,20,4.279959581598238,20,0.8159545376256536,-0.5267750784891179,2.1833861260948275,0,0.2783667107376555,7.237534479179044,200.46494517333574,3
31,32,4.279959581598238,20,4.279959581598238,20,0.8159545376256536,-0.5267750784891179,2.1833861260948275,0,0.2783667107376555,7.5159011899167,200.18657846259808,3
32,33,4.279959581598238,20,4.279959581598238,20,0.8159545376256536,-0.5267750784891179,2.1833861260948275,0,0.2783667107376555,7.794267900654355,199.90821175186042,3
33,34,4.279959581598238,20,4.279959581598238,20,0.8159545376256536,-0.5267750784891179,2.1833861260948275,0,0.2783667107376564,8.072634611392012,199.62984504112276,3
34,35,4.279959581598238,20,4.279959581598238,20,0.8159545376256536,-0.5267750784891179,2.1833861260948275,0,0.2783667107376555,8.351001322129667,199.3514783303851,3
35,36,4.279959581598238,20,4.279959581598238,20,0.8159545376256536,-0.5267750784891179,2.1833861260948275,0,0.2783667107376555,8.629368032867323,199.07311161964745,3
36,37,4.279959581598238,20,4.279959581598238,20,0.8159545376256536,-0.5267750784891179,2.1833861260948275,0,0.2783667107376555,8.907734743604978,198.7947449089098,3
37,38,4.279959581598238,20,4.279959581598238,20,0.8159545376256536,-0.5267750784891179,2.1833861260948275,0,0.2783667107376555,9.186101454342634,198.51637819817213,3
38,39,4.279959581598238,20,4.279959581598238,20,0.8159545376256536,-0.5267750784891179,2.1833861260948275,0,0.2783667107376555,9.464468165080289,198.23801148743448,3
39,40,4.279959581598238,20,4.279959581598238,20,0.8159545376256536,-0.5267750784891179,2.1833861260948275,0,0.2783667107376555,9.742834875817945,197.95964477669682,3
40,41,4.279959581598238,20,4.279959581598238,20,0.8159545376256536,-0.5267750784891179,2.1833861260948275,0,0.2783667107376555,10.0212015865556,197.68127806595916,3
41,42,4.279959581598238,20,4.279959581598238,20,0.8159545376256536,-0.5267750784891179,2.1833861260948275,0,0.2783667107376555,10.299568297293256,197.4029113552215,3
42,43,4.279959581598238,20,4.279959581598238,20,0.8159545376256536,-0.5267750784891179,2.1833861260948275,0,0.2783667107376555,10.577935008030911,197.12454464448385,3
43,44,4.279959581598238,20,4.279959581598238,20,0.8159545376256536,-0.5267750784891179,2.1833861260948275,0,0.2783667107376555,10.856301718768567,196.8461779337462,3
44,45,4.279959581598238,20,4.279959581598238,20,0.8159545376256536,-0.5267750784891179,2.1833861260948275,0,0.2783667107376555,11.134668429506222,196.56781122300853,3
45,46,4.279959581598238,20,4.279959581598238,20,0.8159545376256536,-0.5267750784891179,2.1833861260948275,0,0.2783667107376555,11.413035140243878,196.28944451227088,3
46,47,4.279959581598238,20,4.279959581598238,20,0.8159545376256536,-0.5267750784891179,2.1833861260948275,0,0.2783667107376555,11.691401850981533,196.01107780153322,3
47,48,4.279959581598238,20,4.279959581598238,20,0.8159545376256536,-0.5267750784891179,2.1833861260948275,0,0.2783667107376555,11.969768561719189,195.73271109079556,3
48,49,4.279959581598238,20,4.279959581598238,20,0.8159545376256536,-0.5267750784891179,2.1833861260948275,0,0.2783667107376555,12.248135272456844,195.4543443800579,3
49,50,4.279959581598238,20,4.279959581598238,20,0.8159545376256536,-0.5267750784891179,2.1833861260948275,0,0.2783667107376555,12.5265019831945,195.17597766932025,3
50,51,4.279959581598238,20,4.279959581598238,20,0.8159545376256536,-0.5267750784891179,2.1833861260948275,0,0.2783667107376555,12.804868693932155,194.8976109585826,3
51,52,4.279959581598238,20,4.279959581598238,20,0.8159545376256536,-0.5267750784891179,2.1833861260948275,0,0.2783667107376555,13.08323540466981,194.61924424784493,3
52,53,4.279959581598238,20,4.279959581598238,20,0.8159545376256536,-0.5267750784891179,2.1833861260948275,0,0.2783667107376555,13.361602115407466,194.34087753710727,3
53,54,4.279959581598238,20,4.279959581598238,20,0.8159545376256536,-0.5267750784891179,2.1833861260948275,0,0.2783667107376555,13.639968826145122,194.06251082636962,3
54,55,4.279959581598238,20,4.279959581598238,20,0.8159545376256536,-0.5267750784891179,2.1833861260948275,0,0.2783667107376555,13.918335536882777,193.78414411563196,3
55,56,4.279959581598238,20,4.279959581598238,20,0.8159545376256536,-0.5267750784891179,2.1833861260948275,0,0.2783667107376555,14.196702247620433,193.5057774048943,3
56,57,4.279959581598238,20,4.279959581598238,20,0.8159545376256536,-0.5267750784891179,2.1833861260948275,0,0.2783667107376555,14.475068958358088,193.22741069415665,3
57,58,4.279959581598238,20,4.279959581598238,20,0.8159545376256536,-0.5267750784891179,2.1833861260948275,0,0.2783667107376555,14.753435669095744,192.949043983419,3
58,59,4.279959581598238,20,4.279959581598238,20,0.8159545376256536,-0.5267750784891179,2.1833861260948275,0,0.2783667107376555,15.0318023798334,192.67067727268133,3
59,60,4.279959581598238,20,4.279959581598238,20,0.8159545376256536,-0.5267750784891179,2.1833861260948275,0,0.2783667107376555,15.310169090571055,192.39231056194367,3
60,61,4.279959581598238,20,4.279959581598238,20,0.8159545376256536,-0.5267750784891179,2.1833861260948275,0,0.2783667107376555,15.58853580130871,192.11394385120602,3
61,62,4.279959581598238,20,4.279959581598238,20,0.8159545376256536,-0.5267750784891179,2.1833861260948275,0,0.2783667107376555,15.866902512046366,191.83557714046836,3
62,63,4.279959581598238,20,4.279959581598238,20,0.8159545376256536,-0.5267750784891179,2.1833861260948275,0,0.2783667107376573,16.145269222784023,191.5572104297307,3
63,64,4.279959581598238,20,4.279959581598238,20,0.8159545376256536,-0.5267750784891179,2.1833861260948275,0,0.2783667107376573,16.42363593352168,191.27884371899304,3
64,65,4.279959581598238,20,4.279959581598238,20,0.8159545376256536,-0.5267750784891179,2.1833861260948275,0,0.2783667107376573,16.702002644259338,191.0004770082554,3
65,66,4.279959581598238,20,4.279959581598238,20,0.8159545376256536,-0.5267750784891179,2.1833861260948275,0,0.2783667107376573,16.980369354996995,190.72211029751773,3
66,67,4.279959581598238,20,4.279959581598238,20,0.8159545376256536,-0.5267750784891179,2.1833861260948275,0,0.2783667107376573,17.258736065734652,190.44374358678007,3
67,68,4.279959581598238,20,4.279959581598238,20,0.8159545376256536,-0.5267750784891179,2.1833861260948275,0,0.2783667107376573,17.53710277647231,190.16537687604242,3
68,69,4.279959581598238,20,4.279959581598238,20,0.8159545376256536,-0.5267750784891179,2.1833861260948275,0,0.2783667107376573,17.815469487209967,189.88701016530476,3
69,70,4.279959581598238,20,4.279959581598238,20,0.8159545376256536,-0.5267750784891179,2.1833861260948275,0,0.2783667107376573,18.093836197947624,189.6086434545671,3
70,71,4.279959581598238,20,4.279959581598238,20,0.8159545376256536,-0.5267750784891179,2.1833861260948275,0,0.2783667107376573,18.37220290868528,189.33027674382944,3
71,72,4.279959581598238,20,4.279959581598238,20,0.8159545376256536,-0.5267750784891179,2.1833861260948275,0,0.2783667107376573,18.65056961942294,189.0519100330918,3
72,73,4.279959581598238,20,4.279959581598238,20,0.8159545376256536,-0.5267750784891179,2.1833861260948275,0,0.2783667107376573,18.928936330160596,188.77354332235413,3
73,74,4.279959581598238,20,4.279959581598238,20,0.8159545376256536,-0.5267750784891179,2.1833861260948275,0,0.2783667107376573,19.207303040898253,188.49517661161647,3
74,75,4.279959581598238,20,4.279959581598238,20,0.8159545376256536,-0.5267750784891179,2.1833861260948275,0,0.2783667107376573,19.48566975163591,188.21680990087881,3
75,76,4.279959581598238,20,4.279959581598238,20,0.8159545376256536,-0.5267750784891179,2.1833861260948275,0,0.2783667107376573,19.764036462373568,187.93844319014116,3
76,77,4.279959581598238,20,4.279959581598238,20,0.8159545376256536,-0.5267750784891179,2.1833861260948275,0,0.2783667107376573,20.042403173111225,187.6600764794035,3
77,78,4.279959581598238,20,4.279959581598238,20,0.8159545376256536,-0.5267750784891179,2.1833861260948275,0,0.2783667107376573,20.320769883848882,187.38170976866584,3
78,79,4.279959581598238,20,4.279959581598238,20,0.8159545376256536,-0.5267750784891179,2.1833861260948275,0,0.2783667107376573,20.59913659458654,187.10334305792819,3
79,80,4.279959581598238,20,4.279959581598238,20,0.8159545376256536,-0.5267750784891179,2.1833861260948275,0,0.2783667107376573,20.877503305324197,186.82497634719053,3
80,81,4.279959581598238,20,4.279959581598238,20,0.8159545376256536,-0.5267750784891179,2.1833861260948275,0,0.2783667107376573,21.155870016061854,186.54660963645287,3
81,82,4.279959581598238,20,4.279959581598238,20,0.8159545376256536,-0.5267750784891179,2.1833861260948275,0,0.2783667107376573,21.43423672679951,186.2682429257152,3
82,83,4.279959581598238,20,4.279959581598238,20,0.8159545376256536,-0.5267750784891179,2.1833861260948275,0,0.2783667107376573,21.71260343753717,185.98987621497756,3
83,84,4.279959581598238,20,4.279959581598238,20,0.8159545376256536,-0.5267750784891179,2.1833861260948275,0,0.2783667107376573,21.990970148274826,185.7115095042399,3
84,85,4.279959581598238,20,4.279959581598238,20,0.8159545376256536,-0.5267750784891179,2.1833861260948275,0,0.2783667107376573,22.269336859012483,185.43314279350224,3
85,86,4.279959581598238,20,4.279959581598238,20,0.8159545376256536,-0.5267750784891179,2.1833861260948275,0,0.2783667107376573,22.54770356975014,185.15477608276458,3
86,87,4.279959581598238,20,4.279959581598238,20,0.8159545376256536,-0.5267750784891179,2.1833861260948275,0,0.2783667107376573,22.826070280487798,184.87640937202693,3
87,88,4.279959581598238,20,4.279959581598238,20,0.8159545376256536,-0.5267750784891179,2.1833861260948275,0,0.2783667107376573,23.104436991225455,184.59804266128927,3
88,89,4.279959581598238,20,4.279959581598238,20,0.8159545376256536,-0.5267750784891179,2.1833861260948275,0,0.2783667107376573,23.382803701963113,184.3196759505516,3
89,90,4.279959581598238,20,4.279959581598238,20,0.8159545376256536,-0.5267750784891179,2.1833861260948275,0,0.2783667107376573,23.66117041270077,184.04130923981396,3
90,91,4.279959581598238,20,4.279959581598238,20,0.8159545376256536,-0.5267750784891179,2.1833861260948275,0,0.2783667107376573,23.939537123438427,183.7629425290763,3
91,92,4.279959581598238,20,4.279959581598238,20,0.8159545376256536,-0.5267750784891179,2.1833861260948275,0,0.2783667107376573,24.217903834176084,183.48457581833864,3
92,93,4.279959581598238,20,4.279959581598238,20,0.8159545376256536,-0.5267750784891179,2.1833861260948275,0,0.2783667107376573,24.49627054491374,183.20620910760098,3
93,94,4.279959581598238,20,4.279959581598238,20,0.8159545376256536,-0.5267750784891179,2.1833861260948275,0,0.2783667107376573,24.7746372556514,182.92784239686333,3
94,95,4.279959581598238,20,4.279959581598238,20,0.8159545376256536,-0.5267750784891179,2.1833861260948275,0,0.2783667107376573,25.053003966389056,182.64947568612567,3
95,96,4.279959581598238,20,4.279959581598238,20,0.8159545376256536,-0.5267750784891179,2.1833861260948275,0,0.2783667107376573,25.331370677126714,182.371108975388,3
96,97,4.279959581598238,20,4.279959581598238,20,0.8159545376256536,-0.5267750784891179,2.1833861260948275,0,0.2783667107376573,25.60973738786437,182.09274226465035,3
97,98,4.279959581598238,20,4.279959581598238,20,0.8159545376256536,-0.5267750784891179,2.1833861260948275,0,0.2783667107376573,25.888104098602028,181.8143755539127,3
98,99,4.279959581598238,20,4.279959581598238,20,0.8159545376256536,-0.5267750784891179,2.1833861260948275,0,0.2783667107376573,26.166470809339685,181.53600884317504,3
99,100,4.279959581598238,20,4.279959581598238,20,0.8159545376256536,-0.5267750784891179,2.1833861260948275,0,0.2783667107376573,26.444837520077343,181.25764213243738,3
100,101,4.279959581598238,20,4.279959581598238,20,0.8159545376256536,-0.5267750784891179,2.1833861260948275,0,0.2783667107376573,26.723204230815,180.97927542169973,3
101,102,4.279959581598238,20,4.279959581598238,20,0.8159545376256536,-0.5267750784891179,2.1833861260948275,0,0.2783667107376573,27.001570941552657,180.70090871096207,3
102,103,4.279959581598238,20,4.279959581598238,20,0.8159545376256536,-0.5267750784891179,2.1833861260948275,0,0.2783667107376573,27.279937652290315,180.4225420002244,3
103,104,4.279959581598238,20,4.279959581598238,20,0.8159545376256536,-0.5267750784891179,2.1833861260948275,0,0.2783667107376573,27.558304363027972,180.14417528948675,3
104,105,4.279959581598238,20,4.279959581598238,20,0.8159545376256536,-0.5267750784891179,2.1833861260948275,0,0.2783667107376573,27.83667107376563,179.8658085787491,3
105,106,4.279959581598238,20,4.279959581598238,20,0.8159545376256536,-0.5267750784891179,2.1833861260948275,0,0.2783667107376573,28.115037784503286,179.58744186801144,3
106,107,4.279959581598238,20,4.279959581598238,20,0.8159545376256536,-0.5267750784891179,2.1833861260948275,0,0.2783667107376573,28.393404495240944,179.30907515727378,3
107,108,4.279959581598238,20,4.279959581598238,20,0.8159545376256536,-0.5267750784891179,2.1833861260948275,0,0.2783667107376573,28.6717712059786,179.03070844653612,3
108,109,4.279959581598238,20,4.279959581598238,20,0.8159545376256536,-0.5267750784891179,2.1833861260948275,0,0.2783667107376573,28.95013791671626,178.75234173579847,3
109,110,4.279959581598238,20,4.279959581598238,20,0.8159545376256536,-0.5267750784891179,2.1833861260948275,0,0.2783667107376573,29.228504627453916,178.4739750250608,3
110,111,4.279959581598238,20,4.279959581598238,20,0.8159545376256536,-0.5267750784891179,2.1833861260948275,0,0.2783667107376573,29.506871338191573,178.19560831432315,3
111,112,4.279959581598238,20,4.279959581598238,20,0.8159545376256536,-0.5267750784891179,2.1833861260948275,0,0.2783667107376573,29.78523804892923,177.9172416035855,3
112,113,4.279959581598238,20,4.279959581598238,20,0.8159545376256536,-0.5267750784891179,2.1833861260948275,0,0.2783667107376573,30.063604759666887,177.63887489284784,3
113,114,4.279959581598238,20,4.279959581598238,20,0.8159545376256536,-0.5267750784891179,2.1833861260948275,0,0.2783667107376573,30.341971470404545,177.36050818211018,3
114,115,4.279959581598238,20,4.279959581598238,20,0.8159545376256536,-0.5267750784891179,2.1833861260948275,0,0.2783667107376573,30.620338181142202,177.08214147137252,3
115,116,4.279959581598238,20,4.279959581598238,20,0.8159545376256536,-0.5267750784891179,2.1833861260948275,0,0.2783667107376573,30.89870489187986,176.80377476063487,3
116,117,4.279959581598238,20,4.279959581598238,20,0.8159545376256536,-0.5267750784891179,2.1833861260948275,0,0.2783667107376573,31.177071602617517,176.5254080498972,3
117,118,4.279959581598238,20,4.279959581598238,20,0.8159545376256536,-0.5267750784891179,2.1833861260948275,0,0.2783667107376573,31.455438313355174,176.24704133915955,3
118,119,4.279959581598238,20,4.279959581598238,20,0.8159545376256536,-0.5267750784891179,2.1833861260948275,0,0.2783667107376573,31.73380502409283,175.9686746284219,3
119,120,4.279959581598238,20,4.279959581598238,20,0.8159545376256536,-0.5267750784891179,2.1833861260948275,0,0.2783667107376573,32.01217173483049,175.69030791768424,3
120,121,4.279959581598238,20,4.279959581598238,20,0.8159545376256536,-0.5267750784891179,2.1833861260948275,0,0.2783667107376573,32.290538445568146,175.41194120694658,3
121,122,4.279959581598238,20,4.279959581598238,20,0.8159545376256536,-0.5267750784891179,2.1833861260948275,0,0.2783667107376573,32.5689051563058,175.13357449620892,3
122,123,4.279959581598238,20,4.279959581598238,20,0.8159545376256536,-0.5267750784891179,2.1833861260948275,0,0.2783667107376573,32.84727186704346,174.85520778547126,3
123,124,4.279959581598238,20,4.279959581598238,20,0.8159545376256536,-0.5267750784891179,2.1833861260948275,0,0.2783667107376573,33.12563857778112,174.5768410747336,3
124,125,4.279959581598238,20,4.279959581598238,20,0.8159545376256536,-0.5267750784891179,2.1833861260948275,0,0.2783667107376573,33.404005288518775,174.29847436399595,3
125,126,4.279959581598238,20,4.279959581598238,20,0.8159545376256536,-0.5267750784891179,2.1833861260948275,0,0.2783667107376573,33.68237199925643,174.0201076532583,3
126,127,4.279959581598238,20,4.279959581598238,20,0.8159545376256536,-0.5267750784891179,2.1833861260948275,0,0.2783667107376573,33.96073870999409,173.74174094252064,3
127,128,4.279959581598238,20,4.279959581598238,20,0.8159545376256536,-0.5267750784891179,2.1833861260948275,0,0.2783667107376573,34.23910542073175,173.46337423178298,3
128,129,4.279959581598238,20,4.279959581598238,20,0.8159545376256536,-0.5267750784891179,2.1833861260948275,0,0.2783667107376573,34.517472131469404,173.18500752104532,3
129,130,4.279959581598238,20,4.279959581598238,20,0.8159545376256536,-0.5267750784891179,2.1833861260948275,0,0.2783667107376573,34.79583884220706,172.90664081030766,3
130,131,4.279959581598238,20,4.279959581598238,20,0.8159545376256536,-0.5267750784891179,2.1833861260948275,0,0.2783667107376573,35.07420555294472,172.62827409957,3
131,132,4.279959581598238,20,4.279959581598238,20,0.8159545376256536,-0.5267750784891179,2.1833861260948275,0,0.2783667107376573,35.352572263682376,172.34990738883235,3
132,133,4.279959581598238,20,4.279959581598238,20,0.8159545376256536,-0.5267750784891179,2.1833861260948275,0,0.2783667107376573,35.63093897442003,172.0715406780947,3
133,134,4.279959581598238,20,4.279959581598238,20,0.8159545376256536,-0.5267750784891179,2.1833861260948275,0,0.2783667107376573,35.90930568515769,171.79317396735703,3
134,135,4.279959581598238,20,4.279959581598238,20,0.8159545376256536,-0.5267750784891179,2.1833861260948275,0,0.2783667107376573,36.18767239589535,171.51480725661938,3
135,136,4.279959581598238,20,4.279959581598238,20,0.8159545376256536,-0.5267750784891179,2.1833861260948275,0,0.2783667107376573,36.466039106633005,171.23644054588172,3
136,137,4.279959581598238,20,4.279959581598238,20,0.8159545376256536,-0.5267750784891179,2.1833861260948275,0,0.2783667107376573,36.74440581737066,170.95807383514406,3
137,138,4.279959581598238,20,4.279959581598238,20,0.8159545376256536,-0.5267750784891179,2.1833861260948275,0,0.2783667107376573,37.02277252810832,170.6797071244064,3
138,139,4.279959581598238,20,4.279959581598238,20,0.8159545376256536,-0.5267750784891179,2.1833861260948275,0,0.2783667107376573,37.30113923884598,170.40134041366875,3
139,140,4.279959581598238,20,4.279959581598238,20,0.8159545376256536,-0.5267750784891179,2.1833861260948275,0,0.2783667107376573,37.579505949583634,170.1229737029311,3
140,141,4.279959581598238,20,4.279959581598238,20,0.8159545376256536,-0.5267750784891179,2.1833861260948275,0,0.2783667107376573,37.85787266032129,169.84460699219343,3
141,142,4.279959581598238,20,4.279959581598238,20,0.8159545376256536,-0.5267750784891179,2.1833861260948275,0,0.2783667107376573,38.13623937105895,169.56624028145578,3
142,143,4.279959581598238,20,4.279959581598238,20,0.8159545376256536,-0.5267750784891179,2.1833861260948275,0,0.2783667107376573,38.414606081796606,169.28787357071812,3
143,144,4.279959581598238,20,4.279959581598238,20,0.8159545376256536,-0.5267750784891179,2.1833861260948275,0,0.2783667107376573,38.69297279253426,169.00950685998046,3
144,145,4.279959581598238,20,4.279959581598238,20,0.8159545376256536,-0.5267750784891179,2.1833861260948275,0,0.2783667107376573,38.97133950327192,168.7311401492428,3
145,146,4.279959581598238,20,4.279959581598238,20,0.8159545376256536,-0.5267750784891179,2.1833861260948275,0,0.2783667107376573,39.24970621400958,168.45277343850515,3
146,147,4.279959581598238,20,4.279959581598238,20,0.8159545376256536,-0.5267750784891179,2.1833861260948275,0,0.2783667107376573,39.528072924747235,168.1744067277675,3
147,148,4.279959581598238,20,4.279959581598238,20,0.8159545376256536,-0.5267750784891179,2.1833861260948275,0,0.2783667107376573,39.80643963548489,167.89604001702983,3
148,149,4.279959581598238,20,4.279959581598238,20,0.8159545376256536,-0.5267750784891179,2.1833861260948275,0,0.2783667107376573,40.08480634622255,167.61767330629218,3
149,150,4.279959581598238,20,4.279959581598238,20,0.8159545376256536,-0.5267750784891179,2.1833861260948275,0,0.2783667107376573,40.36317305696021,167.33930659555452,3
150,151,4.279959581598238,20,4.279959581598238,20,0.8159545376256536,-0.5267750784891179,2.1833861260948275,0,0.2783667107376573,40.641539767697864,167.06093988481686,3
151,152,4.279959581598238,20,4.279959581598238,20,0.8159545376256536,-0.5267750784891179,2.1833861260948275,0,0.2783667107376573,40.91990647843552,166.7825731740792,3
152,153,4.279959581598238,20,4.279959581598238,20,0.8159545376256536,-0.5267750784891179,2.1833861260948275,0,0.2783667107376573,41.19827318917318,166.50420646334155,3
153,154,4.279959581598238,20,4.279959581598238,20,0.8159545376256536,-0.5267750784891179,2.1833861260948275,0,0.2783667107376573,41.476639899910836,166.2258397526039,3
154,155,4.279959581598238,20,4.279959581598238,20,0.8159545376256536,-0.5267750784891179,2.1833861260948275,0,0.2783667107376573,41.75500661064849,165.94747304186623,3
155,156,4.279959581598238,20,4.279959581598238,20,0.8159545376256536,-0.5267750784891179,2.1833861260948275,0,0.2783667107376573,42.03337332138615,165.66910633112857,3
156,157,4.279959581598238,20,4.279959581598238,20,0.8159545376256536,-0.5267750784891179,2.1833861260948275,0,0.2783667107376573,42.31174003212381,165.39073962039092,3
157,158,4.279959581598238,20,4.279959581598238,20,0.8159545376256536,-0.5267750784891179,2.1833861260948275,0,0.2783667107376573,42.590106742861465,165.11237290965326,3
158,159,4.279959581598238,20,4.279959581598238,20,0.8159545376256536,-0.5267750784891179,2.1833861260948275,0,0.2783667107376573,42.86847345359912,164.8340061989156,3
159,160,4.279959581598238,20,4.279959581598238,20,0.8159545376256536,-0.5267750784891179,2.1833861260948275,0,0.2783667107376573,43.14684016433678,164.55563948817795,3
160,161,4.279959581598238,20,4.279959581598238,20,0.8159545376256536,-0.5267750784891179,2.1833861260948275,0,0.2783667107376573,43.42520687507444,164.2772727774403,3
161,162,4.279959581598238,20,4.279959581598238,20,0.8159545376256536,-0.5267750784891179,2.1833861260948275,0,0.2783667107376573,43.703573585812094,163.99890606670263,3
162,163,4.279959581598238,20,4.279959581598238,20,0.8159545376256536,-0.5267750784891179,2.1833861260948275,0,0.2783667107376573,43.98194029654975,163.72053935596497,3
163,164,4.279959581598238,20,4.279959581598238,20,0.8159545376256536,-0.5267750784891179,2.1833861260948275,0,0.2783667107376573,44.26030700728741,163.44217264522732,3
164,165,4.279959581598238,20,4.279959581598238,20,0.8159545376256536,-0.5267750784891179,2.1833861260948275,0,0.2783667107376573,44.538673718025066,163.16380593448966,3
165,166,4.279959581598238,20,4.279959581598238,20,0.8159545376256536,-0.5267750784891179,2.1833861260948275,0,0.2783667107376573,44.81704042876272,162.885439223752,3
166,167,4.279959581598238,20,4.279959581598238,20,0.8159545376256536,-0.5267750784891179,2.1833861260948275,0,0.2783667107376573,45.09540713950038,162.60707251301434,3
167,168,4.279959581598238,20,4.279959581598238,20,0.8159545376256536,-0.5267750784891179,2.1833861260948275,0,0.2783667107376573,45.37377385023804,162.3287058022767,3
168,169,4.279959581598238,20,4.279959581598238,20,0.8159545376256536,-0.5267750784891179,2.1833861260948275,0,0.2783667107376573,45.652140560975695,162.05033909153903,3
169,170,4.279959581598238,20,4.279959581598238,20,0.8159545376256536,-0.5267750784891179,2.1833861260948275,0,0.2783667107376573,45.93050727171335,161.77197238080137,3
170,171,4.279959581598238,20,4.279959581598238,20,0.8159545376256536,-0.5267750784891179,2.1833861260948275,0,0.2783667107376573,46.20887398245101,161.49360567006372,3
171,172,4.279959581598238,20,4.279959581598238,20,0.8159545376256536,-0.5267750784891179,2.1833861260948275,0,0.2783667107376573,46.48724069318867,161.21523895932606,3
172,173,4.279959581598238,20,4.279959581598238,20,0.8159545376256536,-0.5267750784891179,2.1833861260948275,0,0.2783667107376573,46.765607403926325,160.9368722485884,3
173,174,4.279959581598238,20,4.279959581598238,20,0.8159545376256536,-0.5267750784891179,2.1833861260948275,0,0.2783667107376573,47.04397411466398,160.65850553785074,3
174,175,4.279959581598238,20,4.279959581598238,20,0.8159545376256536,-0.5267750784891179,2.1833861260948275,0,0.2783667107376573,47.32234082540164,160.3801388271131,3
175,176,4.279959581598238,20,4.279959581598238,20,0.8159545376256536,-0.5267750784891179,2.1833861260948275,0,0.2783667107376573,47.600707536139296,160.10177211637543,3
176,177,4.279959581598238,20,4.279959581598238,20,0.8159545376256536,-0.5267750784891179,2.1833861260948275,0,0.2783667107376573,47.879074246876954,159.82340540563777,3
177,178,4.279959581598238,20,4.279959581598238,20,0.8159545376256536,-0.5267750784891179,2.1833861260948275,0,0.2783667107376573,48.15744095761461,159.54503869490011,3
178,179,4.279959581598238,20,4.279959581598238,20,0.8159545376256536,-0.5267750784891179,2.1833861260948275,0,0.2783667107376573,48.43580766835227,159.26667198416246,3
179,180,4.279959581598238,20,4.279959581598238,20,0.8159545376256536,-0.5267750784891179,2.1833861260948275,0,0.2783667107376573,48.714174379089926,158.9883052734248,3
180,181,4.279959581598238,20,4.279959581598238,20,0.8159545376256536,-0.5267750784891179,2.1833861260948275,0,0.2783667107376573,48.99254108982758,158.70993856268714,3
181,182,4.279959581598238,20,4.279959581598238,20,0.8159545376256536,-0.5267750784891179,2.1833861260948275,0,0.2783667107376573,49.27090780056524,158.43157185194949,3
182,183,4.279959581598238,20,4.279959581598238,20,0.8159545376256536,-0.5267750784891179,2.1833861260948275,0,0.2783667107376573,49.5492745113029,158.15320514121183,3
183,184,4.279959581598238,20,4.279959581598238,20,0.8159545376256536,-0.5267750784891179,2.1833861260948275,0,0.2783667107376573,49.827641222040555,157.87483843047417,3
184,185,4.279959581598238,20,4.279959581598238,20,0.8159545376256536,-0.5267750784891179,2.1833861260948275,0,0.2783667107376573,50.10600793277821,157.5964717197365,3
185,186,4.279959581598238,20,4.279959581598238,20,0.8159545376256536,-0.5267750784891179,2.1833861260948275,0,0.2783667107376573,50.38437464351587,157.31810500899886,3
186,187,4.279959581598238,20,4.279959581598238,20,0.8159545376256536,-0.5267750784891179,2.1833861260948275,0,0.2783667107376573,50.66274135425353,157.0397382982612,3
187,188,4.279959581598238,20,4.279959581598238,20,0.8159545376256536,-0.5267750784891179,2.1833861260948275,0,0.2783667107376573,50.941108064991184,156.76137158752354,3
188,189,4.279959581598238,20,4.279959581598238,20,0.8159545376256536,-0.5267750784891179,2.1833861260948275,0,0.2783667107376573,51.21947477572884,156.48300487678588,3
189,190,4.279959581598238,20,4.279959581598238,20,0.8159545376256536,-0.5267750784891179,2.1833861260948275,0,0.2783667107376573,51.4978414864665,156.20463816604823,3
190,191,4.279959581598238,20,4.279959581598238,20,0.8159545376256536,-0.5267750784891179,2.1833861260948275,0,0.2783667107376573,51.776208197204156,155.92627145531057,3
191,192,4.279959581598238,20,4.279959581598238,20,0.8159545376256536,-0.5267750784891179,2.1833861260948275,0,0.2783667107376573,52.05457490794181,155.6479047445729,3
192,193,4.279959581598238,20,4.279959581598238,20,0.8159545376256536,-0.5267750784891179,2.1833861260948275,0,0.2783667107376573,52.33294161867947,155.36953803383525,3
193,194,4.279959581598238,20,4.279959581598238,20,0.8159545376256536,-0.5267750784891179,2.1833861260948275,0,0.2783667107376573,52.61130832941713,155.0911713230976,3
194,195,4.279959581598238,20,4.279959581598238,20,0.8159545376256536,-0.5267750784891179,2.1833861260948275,0,0.2783667107376573,52.889675040154785,154.81280461235994,3
195,196,4.279959581598238,20,4.279959581598238,20,0.8159545376256536,-0.5267750784891179,2.1833861260948275,0,0.2783667107376573,53.16804175089244,154.53443790162228,3
196,197,4.279959581598238,20,4.279959581598238,20,0.8159545376256536,-0.5267750784891179,2.1833861260948275,0,0.2783667107376573,53.4464084616301,154.25607119088463,3
197,198,4.279959581598238,20,4.279959581598238,20,0.8159545376256536,-0.5267750784891179,2.1833861260948275,0,0.2783667107376573,53.72477517236776,153.97770448014697,3
198,199,4.279959581598238,20,4.279959581598238,20,0.8159545376256536,-0.5267750784891179,2.1833861260948275,0,0.2783667107376573,54.003141883105414,153.6993377694093,3
199,200,4.279959581598238,20,4.279959581598238,20,0.8159545376256536,-0.5267750784891179,2.1833861260948275,0,0.2783667107376573,54.28150859384307,153.42097105867165,3
200,201,4.279959581598238,20,4.279959581598238,20,0.8159545376256536,-0.5267750784891179,2.1833861260948275,0,0.2783667107376573,54.55987530458073,153.142604347934,3
201,202,4.279959581598238,20,4.279959581598238,20,0.8159545376256536,-0.5267750784891179,2.1833861260948275,0,0.2783667107376573,54.838242015318386,152.86423763719634,3
202,203,4.279959581598238,20,4.279959581598238,20,0.8159545376256536,-0.5267750784891179,2.1833861260948275,0,0.2783667107376573,55.11660872605604,152.58587092645868,3
203,204,4.279959581598238,20,4.279959581598238,20,0.8159545376256536,-0.5267750784891179,2.1833861260948275,0,0.2783667107376573,55.3949754367937,152.30750421572102,3
204,205,4.279959581598238,20,4.279959581598238,20,0.8159545376256536,-0.5267750784891179,2.1833861260948275,0,0.2783667107376573,55.67334214753136,152.02913750498337,3
205,206,4.279959581598238,20,4.279959581598238,20,0.8159545376256536,-0.5267750784891179,2.1833861260948275,0,0.2783667107376573,55.951708858269015,151.7507707942457,3
206,207,4.279959581598238,20,4.279959581598238,20,0.8159545376256536,-0.5267750784891179,2.1833861260948275,0,0.2783667107376573,56.23007556900667,151.47240408350805,3
207,208,4.279959581598238,20,4.279959581598238,20,0.8159545376256536,-0.5267750784891179,2.1833861260948275,0,0.2783667107376573,56.50844227974433,151.1940373727704,3
208,209,4.279959581598238,20,4.279959581598238,20,0.8159545376256536,-0.5267750784891179,2.1833861260948275,0,0.2783667107376573,56.78680899048199,150.91567066203274,3
209,210,4.279959581598238,20,4.279959581598238,20,0.8159545376256536,-0.5267750784891179,2.1833861260948275,0,0.2783667107376573,57.065175701219644,150.63730395129508,3
210,211,4.279959581598238,20,4.279959581598238,20,0.8159545376256536,-0.5267750784891179,2.1833861260948275,0,0.2783667107376573,57.3435424119573,150.35893724055742,3
211,212,4.279959581598238,20,4.279959581598238,20,0.8159545376256536,-0.5267750784891179,2.1833861260948275,0,0.2783667107376573,57.62190912269496,150.08057052981977,3
212,213,4.279959581598238,20,4.279959581598238,20,0.8159545376256536,-0.5267750784891179,2.1833861260948275,0,0.2783667107376573,57.900275833432616,149.8022038190821,3
213,214,4.279959581598238,20,4.279959581598238,20,0.8159545376256536,-0.5267750784891179,2.1833861260948275,0,0.2783667107376573,58.17864254417027,149.52383710834445,3
214,215,4.279959581598238,20,4.279959581598238,20,0.8159545376256536,-0.5267750784891179,2.1833861260948275,0,0.2783667107376573,58.45700925490793,149.2454703976068,3
215,216,4.279959581598238,20,4.279959581598238,20,0.8159545376256536,-0.5267750784891179,2.1833861260948275,0,0.2783667107376573,58.73537596564559,148.96710368686914,3
216,217,4.279959581598238,20,4.279959581598238,20,0.8159545376256536,-0.5267750784891179,2.1833861260948275,0,0.2783667107376573,59.013742676383245,148.68873697613148,3
217,218,4.279959581598238,20,4.279959581598238,20,0.8159545376256536,-0.5267750784891179,2.1833861260948275,0,0.2783667107376573,59.2921093871209,148.41037026539382,3
218,219,4.279959581598238,20,4.279959581598238,20,0.8159545376256536,-0.5267750784891179,2.1833861260948275,0,0.2783667107376573,59.57047609785856,148.13200355465617,3
219,220,4.279959581598238,20,4.279959581598238,20,0.8159545376256536,-0.5267750784891179,2.1833861260948275,0,0.2783667107376573,59.84884280859622,147.8536368439185,3
220,221,4.279959581598238,20,4.279959581598238,20,0.8159545376256536,-0.5267750784891179,2.1833861260948275,0,0.2783667107376573,60.127209519333874,147.57527013318085,3
221,222,4.279959581598238,20,4.279959581598238,20,0.8159545376256536,-0.5267750784891179,2.1833861260948275,0,0.2783667107376573,60.40557623007153,147.2969034224432,3
222,223,4.279959581598238,20,4.279959581598238,20,0.8159545376256536,-0.5267750784891179,2.1833861260948275,0,0.2783667107376573,60.68394294080919,147.01853671170554,3
223,224,4.279959581598238,20,4.279959581598238,20,0.8159545376256536,-0.5267750784891179,2.1833861260948275,0,0.2783667107376573,60.962309651546846,146.74017000096788,3
224,225,4.279959581598238,20,4.279959581598238,20,0.8159545376256536,-0.5267750784891179,2.1833861260948275,0,0.2783667107376573,61.2406763622845,146.46180329023022,3
225,226,4.279959581598238,20,4.279959581598238,20,0.8159545376256536,-0.5267750784891179,2.1833861260948275,0,0.2783667107376573,61.51904307302216,146.18343657949256,3
226,227,4.279959581598238,20,4.279959581598238,20,0.8159545376256536,-0.5267750784891179,2.1833861260948275,0,0.2783667107376573,61.79740978375982,145.9050698687549,3
227,228,4.279959581598238,20,4.279959581598238,20,0.8159545376256536,-0.5267750784891179,2.1833861260948275,0,0.2783667107376573,62.075776494497475,145.62670315801725,3
228,229,4.279959581598238,20,4.279959581598238,20,0.8159545376256536,-0.5267750784891179,2.1833861260948275,0,0.2783667107376573,62.35414320523513,145.3483364472796,3
229,230,4.279959581598238,20,4.279959581598238,20,0.8159545376256536,-0.5267750784891179,2.1833861260948275,0,0.2783667107376573,62.63250991597279,145.06996973654194,3
230,231,4.279959581598238,20,4.279959581598238,20,0.8159545376256536,-0.5267750784891179,2.1833861260948275,0,0.2783667107376573,62.91087662671045,144.79160302580428,3
231,232,4.279959581598238,20,4.279959581598238,20,0.8159545376256536,-0.5267750784891179,2.1833861260948275,0,0.2783667107376573,63.189243337448104,144.51323631506662,3
232,233,4.279959581598238,20,4.279959581598238,20,0.8159545376256536,-0.5267750784891179,2.1833861260948275,0,0.2783667107376573,63.46761004818576,144.23486960432896,3
233,234,4.279959581598238,20,4.279959581598238,20,0.8159545376256536,-0.5267750784891179,2.1833861260948275,0,0.2783667107376573,63.74597675892342,143.9565028935913,3
234,235,4.279959581598238,20,4.279959581598238,20,0.8159545376256536,-0.5267750784891179,2.1833861260948275,0,0.2783667107376573,64.02434346966108,143.67813618285365,3
235,236,4.279959581598238,20,4.279959581598238,20,0.8159545376256536,-0.5267750784891179,2.1833861260948275,0,0.2783667107376573,64.30271018039873,143.399769472116,3
236,237,4.279959581598238,20,4.279959581598238,20,0.8159545376256536,-0.5267750784891179,2.1833861260948275,0,0.2783667107376573,64.58107689113639,143.12140276137833,3
237,238,4.279959581598238,20,4.279959581598238,20,0.8159545376256536,-0.5267750784891179,2.1833861260948275,0,0.2783667107376573,64.85944360187405,142.84303605064068,3
238,239,4.279959581598238,20,4.279959581598238,20,0.8159545376256536,-0.5267750784891179,2.1833861260948275,0,0.2783667107376573,65.1378103126117,142.56466933990302,3
239,240,4.279959581598238,20,4.279959581598238,20,0.8159545376256536,-0.5267750784891179,2.1833861260948275,0,0.2783667107376573,65.41617702334936,142.28630262916536,3
240,241,4.279959581598238,20,4.279959581598238,20,0.8159545376256536,-0.5267750784891179,2.1833861260948275,0,0.2783667107376573,65.69454373408702,142.0079359184277,3
241,242,4.279959581598238,20,4.279959581598238,20,0.8159545376256536,-0.5267750784891179,2.1833861260948275,0,0.2783667107376573,65.97291044482468,141.72956920769005,3
242,243,4.279959581598238,20,4.279959581598238,20,0.8159545376256536,-0.5267750784891179,2.1833861260948275,0,0.2783667107376573,66.25127715556233,141.4512024969524,3
243,244,4.279959581598238,20,4.279959581598238,20,0.8159545376256536,-0.5267750784891179,2.1833861260948275,0,0.2783667107376573,66.52964386629999,141.17283578621473,3
244,245,4.279959581598238,20,4.279959581598238,20,0.8159545376256536,-0.5267750784891179,2.1833861260948275,0,0.2783667107376573,66.80801057703765,140.89446907547708,1
