speed,payload,tke,power_W,Wh_per_km,six_km_seconds
5,0,0.3,665.2388969907407,36.9577164994856,1200
6,0,0.3,603.98875,27.962442129629625,1000
7,0,0.3,571.9694899140212,22.697201980715125,857.1428571428571
8,0,0.3,561.909074074074,19.510731738683127,750
9,0,0.3,570.27203125,17.600988618827163,666.6666666666666
10,0,0.3,595.391175925926,16.538643775720164,600
11,0,0.3,636.6183875210438,16.076221907097064,545.4545454545455
12,0,0.3,693.9,16.0625,500
13,0,0.3,767.5481655092592,16.400601827120923,461.53846153846155
14,0,0.3,858.1102050264551,17.025996131477285,428.57142857142856
15,0,0.3,966.29021875,17.894263310185185,400
16,0,0.3,1092.9000925925925,18.97395994084362,375
17,0,0.3,1238.8277965005448,20.24228425654485,352.94117647058823
18,0,0.3,1405.01625,21.682349537037034,333.3333333333333
19,0,0.3,1592.4488617811887,23.281416107912115,315.7894736842105
20,0,0.3,1802.1394074074076,25.029713991769547,300
5,0,1.5,754.7363136574073,41.92979520318929,1200
6,0,1.5,684.71875,31.69994212962963,1000
7,0,1.5,648.1162161044973,25.718897464464177,857.1428571428571
8,0,1.5,636.6157407407406,22.104713220164605,750
9,0,1.5,646.17578125,19.94369695216049,666.6666666666666
10,0,1.5,674.8905092592591,18.746958590534973,600
11,0,1.5,722.0190314604378,18.23280382475853,545.4545454545455
12,0,1.5,787.4999999999999,18.22916666666666,500
13,0,1.5,871.6902488425924,18.625860018004108,461.53846153846155
14,0,1.5,975.215443121693,19.34951276035105,428.57142857142856
15,0,1.5,1098.8804687499999,20.349638310185185,400
16,0,1.5,1243.6134259259256,21.59051086676954,375
17,0,1.5,1410.4293896377997,23.046231856826793,352.94117647058823
18,0,1.5,1600.4062499999998,24.69762731481481,333.3333333333333
19,0,1.5,1814.6681819566272,26.530236578313264,315.7894736842105
20,0,1.5,2054.374074074074,28.532973251028807,300
5,1,0.3,843.2893127295631,46.849406262753504,1200
6,1,0.3,764.5968501883123,35.39800232353297,1000
7,1,0.3,723.4594072806999,28.70870663812301,857.1428571428571
8,1,0.3,710.5340685585884,24.671321824950986,750
9,1,0.3,721.2785602314023,22.261683957759328,666.6666666666666
10,1,0.3,753.5509293373472,20.931970259370754,600
11,1,0.3,806.5184888212366,20.36662850558678,545.4545454545455
12,1,0.3,880.1122900734055,20.372969677625125,500
13,1,0.3,974.7333773737403,20.827636268669664,461.53846153846155
14,1,0.3,1091.0849332882678,21.648510581116422,428.57142857142856
15,1,0.3,1230.0715659071084,22.779103072353855,400
16,1,0.3,1392.7363633681964,24.179450752920076,375
17,1,0.3,1580.220164431453,25.820590922082562,352.94117647058823
18,1,0.3,1793.7344055282338,27.681086505065338,333.3333333333333
19,1,0.3,2034.5425424267416,29.744774012086864,315.7894736842105
20,1,0.3,2303.9470453978147,31.99926451941409,300
5,1,1.5,958.273071211727,53.23739284509595,1200
6,1,1.5,868.316478843498,40.199836983495274,1000
7,1,1.5,821.2905749232652,32.590895830288304,857.1428571428571
8,1,1.5,806.5150883125016,28.00399612196186,750
9,1,1.5,818.7975589126366,25.27152959606903,666.6666666666666
10,1,1.5,855.6894321450787,23.76915089291885,600
11,1,1.5,916.2388291694056,23.137344170944584,545.4545454545455
12,1,1.5,1000.3669319924614,23.15664194426994,500
13,1,1.5,1108.5321908347926,23.686585274247705,461.53846153846155
14,1,1.5,1241.5384426257535,24.63369925844749,428.57142857142856
15,1,1.5,1400.4197821005712,25.933699668529094,400
16,1,1.5,1586.3686062360096,27.541121636041833,375
17,1,1.5,1800.6890547675655,29.42302377071185,352.94117647058823
18,1,1.5,2044.765970534263,31.555030409479365,333.3333333333333
19,1,1.5,2320.0436618198337,33.91876698567008,315.7894736842105
20,1,1.5,2628.011035991537,36.50015327766023,300
5,3,0.3,1241.241541416607,68.95786341203373,1200
6,3,0.3,1123.564568123244,52.016878153853895,1000
7,3,0.3,1062.0474975669792,42.14474196694362,857.1428571428571
8,3,0.3,1042.7189025466841,36.205517449537645,750
9,3,0.3,1058.7862515506586,32.67858801082279,666.6666666666666
10,3,0.3,1107.046460911918,30.75129058088661,600
11,3,0.3,1186.254327606049,29.955917363789112,545.4545454545455
12,3,0.3,1296.3067456501378,30.00710059375319,500
13,3,0.3,1437.8034380098875,30.722295683971954,461.53846153846155
14,3,0.3,1611.7959462608242,31.980078298825877,428.57142857142856
15,3,0.3,1819.6370243850236,33.69698193305599,400
16,3,0.3,2062.886509894064,35.81400190788306,375
17,3,0.3,2343.250416908587,38.28840550504227,352.94117647058823
18,3,0.3,2662.540331544663,41.08858536334356,333.3333333333333
19,3,0.3,3022.645629809736,44.19072558201368,315.7894736842105
20,3,0.3,3425.5140301297797,47.576583751802495,300
5,3,1.5,1413.1886407843917,78.51048004357732,1200
6,3,1.5,1278.6672498426747,59.197557863086786,1000
7,3,1.5,1208.3445548727893,47.95018074892021,857.1428571428571
8,3,1.5,1186.2492424738437,41.18920980811957,750
9,3,1.5,1204.6164903412102,37.179521306827475,666.6666666666666
10,3,1.5,1259.7847217183953,34.9940200477332,600
11,3,1.5,1350.3304937842506,34.09925489354168,545.4545454545455
12,3,1.5,1476.135941846579,34.16981346867081,500
13,3,1.5,1637.886633907923,34.99757764760519,461.53846153846155
14,3,1.5,1836.784630417443,36.44413949240958,428.57142857142856
15,3,1.5,2074.3763201220445,38.414376298556384,400
16,3,1.5,2352.444817473334,40.84105585891204,375
17,3,1.5,2672.940337420353,43.675495709482895,352.94117647058823
18,3,1.5,3037.9337786047336,46.88169411427057,333.3333333333333
19,3,1.5,3449.5849644942305,50.432528720675876,315.7894736842105
20,3,1.5,3910.120412176189,54.307227946891516,300
