route_id,segment_id,dx_grid,dy_grid,tke_a,tke_b,u_a,v_a,gust_a,u_b,v_b,gust_b
1,1,1,0,0.7980425310912399,0.9187749893992943,0.09312037322316088,2.0796630907003912,0,0.3641628800642515,2.6456595044375675,0
1,2,1,0,0.9187749893992943,0.9997148414685768,0.3641628800642515,2.6456595044375675,0,0.6440751614001204,3.067695141797576,0
1,3,1,0,0.9997148414685768,0.9591855946504851,0.6440751614001204,3.067695141797576,0,0.8628292329567406,3.1892192127641437,0
1,4,1,0,0.9591855946504851,0.9648963812912835,0.8628292329567406,3.1892192127641437,0,1.0322478275213849,3.114864211608195,0
1,5,1,0,0.9648963812912835,1.0290160497301581,1.0322478275213849,3.114864211608195,0,1.1539239992863297,2.861264719789523,0
1,6,1,0,1.0290160497301581,1.133711535109502,1.1539239992863297,2.861264719789523,0,1.208125833839752,2.4257119639144866,0
1,7,1,0,1.133711535109502,1.2725819459936931,1.208125833839752,2.4257119639144866,0,1.1736805599106188,1.8390849669128146,0
1,8,1,0,1.2725819459936931,1.3981974543120839,1.1736805599106188,1.8390849669128146,0,1.0196713148671699,1.1738754915395164,0
1,9,1,0,1.3981974543120839,1.2906009849899354,1.0196713148671699,1.1738754915395164,0,0.7111725467961099,0.6347019698444636,0
1,10,1,0,1.2906009849899354,1.1909769839138862,0.7111725467961099,0.6347019698444636,0,0.36425201649006533,0.299893874680601,0
1,11,1,0,1.1909769839138862,1.1347468494432786,0.36425201649006533,0.299893874680601,0,0.009527796968992336,0.1724929464597207,0
1,12,1,0,1.1347468494432786,1.117768582472142,0.009527796968992336,0.1724929464597207,0,-0.33411248726684073,0.24726552284441516,0
1,13,1,0,1.117768582472142,1.1405582372560077,-0.33411248726684073,0.24726552284441516,0,-0.6463407622772304,0.5056460716305018,0
1,14,1,0,1.1405582372560077,1.1848707198528998,-0.6463407622772304,0.5056460716305018,0,-0.8935170520579245,0.9269993308194672,0
1,15,1,0,1.1848707198528998,1.1184912955493092,-0.8935170520579245,0.9269993308194672,0,-0.9729513626541002,1.474085549675744,0
1,16,1,0,1.1184912955493092,1.0402219955614513,-0.9729513626541002,1.474085549675744,0,-0.9071635496118466,1.9995849684507616,0
1,17,1,0,1.0402219955614513,0.9794414126044135,-0.9071635496118466,1.9995849684507616,0,-0.7169714728742336,2.4281884485365186,0
1,18,1,0,0.9794414126044135,0.9397411904021357,-0.7169714728742336,2.4281884485365186,0,-0.4211818542837058,2.7167126990325206,0
1,19,1,0,0.9397411904021357,0.922731194531614,-0.4211818542837058,2.7167126990325206,0,-0.04418454765211269,2.8435002416927633,0
1,20,1,0,0.922731194531614,0.9267868309722421,-0.04418454765211269,2.8435002416927633,0,0.38453843112950986,2.8024965729557367,0
1,21,1,0,0.9267868309722421,0.8781956552736868,0.38453843112950986,2.8024965729557367,0,0.8043990266297131,2.564989747284885,0
1,22,1,0,0.8781956552736868,0.817413216799721,0.8043990266297131,2.564989747284885,0,1.1461327812841868,2.207290041113798,0
1,23,1,0,0.817413216799721,0.7802537996393871,1.1461327812841868,2.207290041113798,0,1.3830740511145316,1.803527896355193,0
1,24,1,0,0.7802537996393871,0.7671535253307141,1.3830740511145316,1.803527896355193,0,1.4942042820125379,1.4003641853804614,0
1,25,1,0,0.7671535253307141,0.7779342397845973,1.4942042820125379,1.4003641853804614,0,1.4640575315392133,1.0375107039094078,0
1,26,1,0,0.7779342397845973,0.8188678551745394,1.4640575315392133,1.0375107039094078,0,1.2867587896215105,0.7461292097579932,0
1,27,1,0,0.8188678551745394,0.764211206066578,1.2867587896215105,0.7461292097579932,0,0.9029583072269713,0.6210077646294385,0
1,28,1,0,0.764211206066578,0.6899994283665476,0.9029583072269713,0.6210077646294385,0,0.4378796741444958,0.6426668360409592,0
1,29,1,0,0.6899994283665476,0.5965179410346895,0.4378796741444958,0.6426668360409592,0,-0.021988855307558536,0.7843666671283259,0
1,30,1,0,0.5965179410346895,0.4879079922464637,-0.021988855307558536,0.7843666671283259,0,-0.38723787966351075,0.9937081526192016,0
2,1,-1,-1,0.7980425310912399,0.6100779117006174,0.09312037322316088,2.0796630907003912,0,-0.5149761549500593,1.3002948456950365,0
2,2,-1,-1,0.6100779117006174,0.46620160063292587,-0.5149761549500593,1.3002948456950365,0,-0.5777053940619147,0.8082546023425977,0
2,3,-1,-1,0.46620160063292587,0.3668553378348679,-0.5777053940619147,0.8082546023425977,0,-0.1962264206056862,0.7006659797660989,0
2,4,0,-1,0.3668553378348679,0.29660266822704884,-0.1962264206056862,0.7006659797660989,0,0.009530670175848362,0.9202744772696189,0
2,5,0,-1,0.29660266822704884,0.22881772211872156,0.009530670175848362,0.9202744772696189,0,0.19300115679764798,1.1678294823110045,0
2,6,-1,-1,0.22881772211872156,0.1532569243959969,0.19300115679764798,1.1678294823110045,0,0.5604916284452146,1.4349635462671733,0
2,7,0,-1,0.1532569243959969,0.14090937857275646,0.5604916284452146,1.4349635462671733,0,0.595825066966053,1.6263314861433522,0
2,8,0,-1,0.14090937857275646,0.1557754506626081,0.595825066966053,1.6263314861433522,0,0.6191585991111719,1.8149865882415006,0
2,9,0,-1,0.1557754506626081,0.15872143312354542,0.6191585991111719,1.8149865882415006,0,0.5279884493592918,1.9525319494550133,0
2,10,0,-1,0.15872143312354542,0.1481288594478918,0.5279884493592918,1.9525319494550133,0,0.324952262806,2.0061342548172076,0
2,11,0,-1,0.1481288594478918,0.1274810440469802,0.324952262806,2.0061342548172076,0,0.050689650154691346,1.9709734995905093,0
2,12,0,-1,0.1274810440469802,0.1021942603620465,0.050689650154691346,1.9709734995905093,0,-0.23730179584057198,1.8678286078130253,0
2,13,0,-1,0.1021942603620465,0.07818042091664246,-0.23730179584057198,1.8678286078130253,0,-0.4880444248563237,1.732908112367717,0
2,14,1,-1,0.07818042091664246,0.09563746273585368,-0.4880444248563237,1.732908112367717,0,-0.60665309303934,1.7619058965070178,0
2,15,1,-1,0.09563746273585368,0.11260447615358102,-0.60665309303934,1.7619058965070178,0,-0.6605542834104937,1.7184768467758875,0
2,16,1,-1,0.11260447615358102,0.11649417659606755,-0.6605542834104937,1.7184768467758875,0,-0.6238467072286555,1.6241783572016084,0
2,17,1,-1,0.11649417659606755,0.1139720376810184,-0.6238467072286555,1.6241783572016084,0,-0.5330333586339165,1.546826111673684,0
2,18,1,-1,0.1139720376810184,0.10829129431774241,-0.5330333586339165,1.546826111673684,0,-0.44062721134577126,1.530431297561427,0
2,19,1,-1,0.10829129431774241,0.10809816889910423,-0.44062721134577126,1.530431297561427,0,-0.38753895525573245,1.585999967430533,0
2,20,1,0,0.10809816889910423,0.10680988594189589,-0.38753895525573245,1.585999967430533,0,-0.1824270018938426,1.7441260477824831,0
2,21,1,0,0.10680988594189589,0.10801490052914184,-0.1824270018938426,1.7441260477824831,0,-0.025342417928117533,1.886164868624774,0
2,22,1,0,0.10801490052914184,0.11051543181833384,-0.025342417928117533,1.886164868624774,0,0.06634993477068984,1.9958731598691049,0
2,23,1,0,0.11051543181833384,0.11159206654799192,0.06634993477068984,1.9958731598691049,0,0.07599182670545024,2.0548361150610295,0
2,24,1,0,0.11159206654799192,0.11401235512603891,0.07599182670545024,2.0548361150610295,0,0.011513462923273265,2.059063116468158,0
2,25,1,0,0.11401235512603891,0.1181471252786741,0.011513462923273265,2.059063116468158,0,-0.11729013622521095,2.0076065280087674,0
2,26,1,0,0.1181471252786741,0.11408159509291757,-0.11729013622521095,2.0076065280087674,0,-0.3047902719423576,1.8969288548231722,0
2,27,1,0,0.11408159509291757,0.11171965467585242,-0.3047902719423576,1.8969288548231722,0,-0.5046294191927371,1.7588401915235947,0
2,28,1,0,0.11171965467585242,0.1105961833479558,-0.5046294191927371,1.7588401915235947,0,-0.6943055706868908,1.611696714604367,0
2,29,1,0,0.1105961833479558,0.10761626245805585,-0.6943055706868908,1.611696714604367,0,-0.8489833850717972,1.4787710895318358,0
2,30,1,0,0.10761626245805585,0.10566699022180581,-0.8489833850717972,1.4787710895318358,0,-0.9541516720787241,1.378389733821518,0
2,31,1,0,0.10566699022180581,0.10675124215896785,-0.9541516720787241,1.378389733821518,0,-1.0067375898351305,1.3199180159997703,0
2,32,1,0,0.10675124215896785,0.1045776452312001,-1.0067375898351305,1.3199180159997703,0,-0.9913427282375614,1.3223298275713713,0
2,33,1,0,0.1045776452312001,0.10398092803823285,-0.9913427282375614,1.3223298275713713,0,-0.9244520120575668,1.3761693331186495,0
2,34,1,0,0.10398092803823285,0.10267577560908822,-0.9244520120575668,1.3761693331186495,0,-0.8132799047354299,1.4762586158451019,0
2,35,1,0,0.10267577560908822,0.09780913213618515,-0.8132799047354299,1.4762586158451019,0,-0.6730997085022946,1.6061001692069004,0
2,36,1,0,0.09780913213618515,0.09215143849766468,-0.6730997085022946,1.6061001692069004,0,-0.5297922487135237,1.7374574944456052,0
2,37,1,0,0.09215143849766468,0.0898814689062077,-0.5297922487135237,1.7374574944456052,0,-0.3993889930716069,1.8511757096911772,0
2,38,1,0,0.0898814689062077,0.0905776091038672,-0.3993889930716069,1.8511757096911772,0,-0.289232222431404,1.934525918743932,0
2,39,1,0,0.0905776091038672,0.0926815925913864,-0.289232222431404,1.934525918743932,0,-0.20778387259715042,1.9734914089793592,0
2,40,1,0,0.0926815925913864,0.0921714179207196,-0.20778387259715042,1.9734914089793592,0,-0.16857778439332644,1.95110277541319,0
2,41,1,0,0.0921714179207196,0.08804315048541862,-0.16857778439332644,1.95110277541319,0,-0.17669206270086085,1.8657594930920576,0
2,42,1,0,0.08804315048541862,0.08561865285673176,-0.17669206270086085,1.8657594930920576,0,-0.2177823097389972,1.7384035795706239,0
2,43,1,0,0.08561865285673176,0.08722701001998374,-0.2177823097389972,1.7384035795706239,0,-0.28212604294247223,1.5842345600917482,0
2,44,1,0,0.08722701001998374,0.08380906451612259,-0.28212604294247223,1.5842345600917482,0,-0.3744586522194004,1.4165904938121474,0
2,45,1,0,0.08380906451612259,0.08246313568186274,-0.3744586522194004,1.4165904938121474,0,-0.47443521543698686,1.260716983062397,0
2,46,1,0,0.08246313568186274,0.08163779650793186,-0.47443521543698686,1.260716983062397,0,-0.5748684619281125,1.133576576898427,0
2,47,1,1,0.08163779650793186,0.08478121515640516,-0.5748684619281125,1.133576576898427,0,-0.8285026110687677,1.0428402414667517,0
2,48,1,1,0.08478121515640516,0.08799612516792717,-0.8285026110687677,1.0428402414667517,0,-0.9157629940741512,1.0530120063699622,0
2,49,1,1,0.08799612516792717,0.0884588074944954,-0.9157629940741512,1.0530120063699622,0,-0.7563485008020334,1.1438576795093733,0
2,50,1,1,0.0884588074944954,0.0868519718886876,-0.7563485008020334,1.1438576795093733,0,-0.4066563493935079,1.245578787203978,0
2,51,1,1,0.0868519718886876,0.08908271711085948,-0.4066563493935079,1.245578787203978,0,-0.010805466402583952,1.2883403007697738,0
2,52,1,1,0.08908271711085948,0.09397951559359874,-0.010805466402583952,1.2883403007697738,0,0.2790875085605201,1.2381770465130957,0
2,53,1,1,0.09397951559359874,0.09597869928659856,0.2790875085605201,1.2381770465130957,0,0.3296014764181894,1.1072118484946383,0
2,54,1,1,0.09597869928659856,0.09711090481672534,0.3296014764181894,1.1072118484946383,0,0.14249095185455357,0.9580714319681367,0
2,55,0,1,0.09711090481672534,0.10473000236000657,0.14249095185455357,0.9580714319681367,0,0.023119643086197433,0.8568857221772566,0
2,56,0,1,0.10473000236000657,0.11012863816144648,0.023119643086197433,0.8568857221772566,0,-0.12470092714314412,0.7811742036892376,0
2,57,0,1,0.11012863816144648,0.11159273279224062,-0.12470092714314412,0.7811742036892376,0,-0.2697675686622631,0.7455782236123614,0
2,58,0,1,0.11159273279224062,0.1106217965939943,-0.2697675686622631,0.7455782236123614,0,-0.3815326809654247,0.7528580893485994,0
2,59,0,1,0.1106217965939943,0.11583320688058722,-0.3815326809654247,0.7528580893485994,0,-0.45413108870025953,0.7867891192295429,0
2,60,0,1,0.11583320688058722,0.12991664159392688,-0.45413108870025953,0.7867891192295429,0,-0.4871047593151556,0.8449152989404718,0
2,61,-1,1,0.12991664159392688,0.1725299073522709,-0.4871047593151556,0.8449152989404718,0,-0.6596632455100415,0.903684854602818,0
2,62,-1,1,0.1725299073522709,0.22590931331631459,-0.6596632455100415,0.903684854602818,0,-0.8469956271431892,1.044135538950376,0
2,63,-1,1,0.22590931331631459,0.2877506115322686,-0.8469956271431892,1.044135538950376,0,-0.9726451894121162,1.2227582211424672,0
2,64,-1,1,0.2877506115322686,0.33287808200010993,-0.9726451894121162,1.2227582211424672,0,-0.9370347259068916,1.3585694335420098,0
2,65,-1,1,0.33287808200010993,0.3157654790992348,-0.9370347259068916,1.3585694335420098,0,-0.6921648777004633,1.3726622725020619,0
2,66,-1,0,0.3157654790992348,0.3820179595622079,-0.6921648777004633,1.3726622725020619,0,-0.6010112959818259,1.2050055776611817,0
2,67,-1,0,0.3820179595622079,0.4879079922464637,-0.6010112959818259,1.2050055776611817,0,-0.38723787966351075,0.9937081526192016,0
3,1,1,-1,0.7980425310912399,0.8373936546487536,0.09312037322316088,2.0796630907003912,0,-0.28109029945009467,2.369263647830225,0
3,2,1,-1,0.8373936546487536,0.7413938405731055,-0.28109029945009467,2.369263647830225,0,-0.5828847933615036,2.411311196168364,0
3,3,1,-1,0.7413938405731055,0.6021278289281805,-0.5828847933615036,2.411311196168364,0,-0.6948150407507899,2.238746975512747,0
3,4,1,-1,0.6021278289281805,0.49971021012081496,-0.6948150407507899,2.238746975512747,0,-0.6419880390932089,1.9853904186785936,0
3,5,1,0,0.49971021012081496,0.5557955543889811,-0.6419880390932089,1.9853904186785936,0,-0.1542943139379352,2.0809888698099734,0
3,6,1,0,0.5557955543889811,0.6130469007432174,-0.1542943139379352,2.0809888698099734,0,0.42984718286570195,2.1209695043682433,0
3,7,1,0,0.6130469007432174,0.6566444227878371,0.42984718286570195,2.1209695043682433,0,1.0174550528068846,2.1014306132555673,0
3,8,1,0,0.6566444227878371,0.6841175315193334,1.0174550528068846,2.1014306132555673,0,1.4994018361737211,2.033046119741385,0
3,9,1,0,0.6841175315193334,0.704022642846281,1.4994018361737211,2.033046119741385,0,1.7952210713652632,1.9347161379514004,0
3,10,1,0,0.704022642846281,0.7185842736563952,1.7952210713652632,1.9347161379514004,0,1.8535097517792911,1.8232305061370586,0
3,11,1,0,0.7185842736563952,0.7240387140465079,1.8535097517792911,1.8232305061370586,0,1.653816821048066,1.7126238148758208,0
3,12,1,0,0.7240387140465079,0.7190623660024931,1.653816821048066,1.7126238148758208,0,1.222266121948687,1.6140735377183788,0
3,13,1,0,0.7190623660024931,0.7077214836503203,1.222266121948687,1.6140735377183788,0,0.6286843091759401,1.533866711678212,0
3,14,1,0,0.7077214836503203,0.6990017561146122,0.6286843091759401,1.533866711678212,0,-0.03661400514257884,1.4726896366313142,0
3,15,1,0,0.6990017561146122,0.697543833099352,-0.03661400514257884,1.4726896366313142,0,-0.6869651620079222,1.4286605062665565,0
3,16,1,0,0.697543833099352,0.695975679970331,-0.6869651620079222,1.4286605062665565,0,-1.2347493619690182,1.4020016505987982,0
3,17,1,0,0.695975679970331,0.6861258198936041,-1.2347493619690182,1.4020016505987982,0,-1.5939144090015835,1.3942185938027207,0
3,18,1,0,0.6861258198936041,0.6688502271092344,-1.5939144090015835,1.3942185938027207,0,-1.71189717757039,1.405379248922734,0
3,19,1,0,0.6688502271092344,0.6524982274654157,-1.71189717757039,1.405379248922734,0,-1.5865875901384383,1.4341189989743668,0
3,20,1,0,0.6524982274654157,0.6479991967644755,-1.5865875901384383,1.4341189989743668,0,-1.2529015029741433,1.4791581931843996,0
3,21,1,0,0.6479991967644755,0.6583835310965332,-1.2529015029741433,1.4791581931843996,0,-0.7530669799742151,1.5410898465566574,0
3,22,1,0,0.6583835310965332,0.6734116542688666,-0.7530669799742151,1.5410898465566574,0,-0.13712448984224976,1.6196533980024745,0
3,23,1,0,0.6734116542688666,0.6828747054121554,-0.13712448984224976,1.6196533980024745,0,0.5128589585179049,1.7083454872946884,0
3,24,1,0,0.6828747054121554,0.679872994627508,0.5128589585179049,1.7083454872946884,0,1.093521611593253,1.7939484325940298,0
3,25,1,0,0.679872994627508,0.6573458835381564,1.093521611593253,1.7939484325940298,0,1.5029234888188667,1.858163260684707,0
3,26,1,0,0.6573458835381564,0.6198735104979627,1.5029234888188667,1.858163260684707,0,1.6792607404212845,1.8846641481113848,0
3,27,1,1,0.6198735104979627,0.647154322096053,1.6792607404212845,1.8846641481113848,0,1.704675062904443,1.5865530256215041,0
3,28,1,1,0.647154322096053,0.6408532853902769,1.704675062904443,1.5865530256215041,0,1.1125676611135038,1.1887986744908559,0
3,29,1,1,0.6408532853902769,0.5875009673829982,1.1125676611135038,1.1887986744908559,0,0.24790476456415056,0.9431228889488816,0
3,30,1,1,0.5875009673829982,0.4879079922464637,0.24790476456415056,0.9431228889488816,0,-0.38723787966351075,0.9937081526192016,0
4,1,1,0,0.09530757524573387,0.09208062391702518,-2.037560653788927,-0.4779008074136816,0,-2.149080079191297,-0.4769480439218413,0
4,2,1,0,0.09208062391702518,0.08523933928228696,-2.149080079191297,-0.4769480439218413,0,-2.2326480309215526,-0.45633054728545364,0
4,3,1,0,0.08523933928228696,0.09504849094478786,-2.2326480309215526,-0.45633054728545364,0,-2.3232612746745946,-0.44122072299031345,0
4,4,1,0,0.09504849094478786,0.10575629592440428,-2.3232612746745946,-0.44122072299031345,0,-2.393193867453312,-0.4090506280963624,0
4,5,1,0,0.10575629592440428,0.11307833726733801,-2.393193867453312,-0.4090506280963624,0,-2.426434835839747,-0.3572408119049011,0
4,6,1,0,0.11307833726733801,0.11759880191833559,-2.426434835839747,-0.3572408119049011,0,-2.4211085992676185,-0.29171289555307334,0
4,7,1,0,0.11759880191833559,0.12047243708567494,-2.4211085992676185,-0.29171289555307334,0,-2.380822909488367,-0.2197356317135768,0
4,8,1,0,0.12047243708567494,0.12198819570534006,-2.380822909488367,-0.2197356317135768,0,-2.3104428665290455,-0.14866152996559615,0
4,9,1,0,0.12198819570534006,0.12437336613234684,-2.3104428665290455,-0.14866152996559615,0,-2.219428577249026,-0.08451019253252662,0
4,10,1,0,0.12437336613234684,0.12915404708386394,-2.219428577249026,-0.08451019253252662,0,-2.11458163346036,-0.03134914764669963,0
4,11,1,0,0.12915404708386394,0.12872743386779098,-2.11458163346036,-0.03134914764669963,0,-1.9979991925257252,-0.0019978748936155255,0
4,12,1,0,0.12872743386779098,0.11532759810580294,-1.9979991925257252,-0.0019978748936155255,0,-1.8857793401846876,-0.012847728533378011,0
4,13,1,0,0.11532759810580294,0.07998822079170943,-1.8857793401846876,-0.012847728533378011,0,-1.8092834921168206,-0.08263122302391973,0
4,14,1,0,0.07998822079170943,0.03290228170673643,-1.8092834921168206,-0.08263122302391973,0,-1.805210079277887,-0.2058014286379837,0
4,15,1,0,0.03290228170673643,0.0818526647097921,-1.805210079277887,-0.2058014286379837,0,-1.6803965400127414,-0.18497592803016386,0
4,16,1,0,0.0818526647097921,0.11807740575250282,-1.6803965400127414,-0.18497592803016386,0,-1.5864622748886952,-0.23798295183192397,0
4,17,1,0,0.11807740575250282,0.12871946754958313,-1.5864622748886952,-0.23798295183192397,0,-1.5492611639369054,-0.34142925193041074,0
4,18,1,0,0.12871946754958313,0.1213265513880782,-1.5492611639369054,-0.34142925193041074,0,-1.5619143195152205,-0.46198053396882616,0
4,19,1,0,0.1213265513880782,0.09661393958633546,-1.5619143195152205,-0.46198053396882616,0,-1.6215737936089907,-0.5724192806222754,0
4,20,1,0,0.09661393958633546,0.05990570678873646,-1.6215737936089907,-0.5724192806222754,0,-1.7149898366845338,-0.6450330617309623,0
4,21,1,0,0.05990570678873646,0.09507965212143579,-1.7149898366845338,-0.6450330617309623,0,-1.7092933095644856,-0.7728001296137403,0
4,22,1,0,0.09507965212143579,0.10681806459365005,-1.7092933095644856,-0.7728001296137403,0,-1.7567575921551246,-0.8678683427457151,0
4,23,1,0,0.10681806459365005,0.10407771439760878,-1.7567575921551246,-0.8678683427457151,0,-1.8225163842423597,-0.923678490263854,0
4,24,1,0,0.10407771439760878,0.10274520490321871,-1.8225163842423597,-0.923678490263854,0,-1.8860103292634862,-0.95659005609286,0
4,25,1,0,0.10274520490321871,0.10597532695397555,-1.8860103292634862,-0.95659005609286,0,-1.9450072060438905,-0.9705659233429713,0
4,26,1,0,0.10597532695397555,0.0956136532443358,-1.9450072060438905,-0.9705659233429713,0,-1.9936366085957302,-0.9422994646232749,0
4,27,1,0,0.0956136532443358,0.12664523034946087,-1.9936366085957302,-0.9422994646232749,0,-2.0506892364372074,-0.9341291727885759,0
4,28,1,0,0.12664523034946087,0.1616819156404951,-2.0506892364372074,-0.9341291727885759,0,-2.1063679971984053,-0.8856946235636327,0
4,29,1,0,0.1616819156404951,0.1944317413828288,-2.1063679971984053,-0.8856946235636327,0,-2.1518718575972122,-0.7987532663515352,0
4,30,1,0,0.1944317413828288,0.21680741748091092,-2.1518718575972122,-0.7987532663515352,0,-2.1787879986805443,-0.688109649907303,0
5,1,1,-1,0.09530757524573387,0.08955621975582573,-2.037560653788927,-0.4779008074136816,0,-2.0453193322319105,-0.49675525517843794,0
5,2,1,-1,0.08955621975582573,0.08579352663989279,-2.0453193322319105,-0.49675525517843794,0,-2.0195753338891875,-0.4845567299066623,0
5,3,1,-1,0.08579352663989279,0.07887394531239336,-2.0195753338891875,-0.4845567299066623,0,-1.967825557084881,-0.42925984694433406,0
5,4,1,-1,0.07887394531239336,0.07179067353320913,-1.967825557084881,-0.42925984694433406,0,-1.911729012812447,-0.34384745192064436,0
5,5,1,-1,0.07179067353320913,0.06616527847654569,-1.911729012812447,-0.34384745192064436,0,-1.8719104683405043,-0.24713287266866504,0
5,6,1,0,0.06616527847654569,0.06798653430491378,-1.8719104683405043,-0.24713287266866504,0,-1.886017202867298,-0.17186493101617106,0
5,7,1,0,0.06798653430491378,0.07038313789577308,-1.886017202867298,-0.17186493101617106,0,-1.9097068070317302,-0.09843416498698457,0
5,8,1,0,0.07038313789577308,0.07273701640002272,-1.9097068070317302,-0.09843416498698457,0,-1.942931585845426,-0.033185601671677695,0
5,9,1,0,0.07273701640002272,0.07465560674265356,-1.942931585845426,-0.033185601671677695,0,-1.9841764683196066,0.016884723137191804,0
5,10,1,0,0.07465560674265356,0.07766569992873713,-1.9841764683196066,0.016884723137191804,0,-2.0309270255575904,0.04908513038408002,0
5,11,1,0,0.07766569992873713,0.08105370722811821,-2.0309270255575904,0.04908513038408002,0,-2.080735368361195,0.057945328743603586,0
5,12,1,0,0.08105370722811821,0.08310063886664436,-2.080735368361195,0.057945328743603586,0,-2.1289622962450476,0.03671025164009917,0
5,13,1,0,0.08310063886664436,0.08339052846741782,-2.1289622962450476,0.03671025164009917,0,-2.1702323914170645,-0.01593852230514914,0
5,14,1,0,0.08339052846741782,0.08374385573063317,-2.1702323914170645,-0.01593852230514914,0,-2.201958923443686,-0.0942221946847665,0
5,15,1,0,0.08374385573063317,0.08671376118899751,-2.201958923443686,-0.0942221946847665,0,-2.2244782744024065,-0.19171396294356488,0
5,16,1,0,0.08671376118899751,0.09133890682682069,-2.2244782744024065,-0.19171396294356488,0,-2.234429322206192,-0.307827641618152,0
5,17,1,0,0.09133890682682069,0.09545937159167102,-2.234429322206192,-0.307827641618152,0,-2.2269671783600655,-0.43900590704927683,0
5,18,1,0,0.09545937159167102,0.09831517331921626,-2.2269671783600655,-0.43900590704927683,0,-2.2005525653123277,-0.5764586346197124,0
5,19,1,0,0.09831517331921626,0.10054452927507572,-2.2005525653123277,-0.5764586346197124,0,-2.1570845034340884,-0.7106890337513572,0
5,20,1,1,0.10054452927507572,0.099764539780149,-2.1570845034340884,-0.7106890337513572,0,-2.0227907297986243,-0.8246507063728841,0
5,21,1,0,0.099764539780149,0.09703096942215067,-2.0227907297986243,-0.8246507063728841,0,-1.9691605018633949,-0.9181419185806807,0
5,22,1,1,0.09703096942215067,0.08998539059144303,-1.9691605018633949,-0.9181419185806807,0,-1.8652236698776237,-0.951223048662727,0
5,23,1,1,0.08998539059144303,0.07466611715789946,-1.8652236698776237,-0.951223048662727,0,-1.8242553010141935,-0.9339688562991397,0
5,24,1,0,0.07466611715789946,0.05751876734838526,-1.8242553010141935,-0.9339688562991397,0,-1.8373721989435172,-0.9179292918863884,0
5,25,1,1,0.05751876734838526,0.08946600055825266,-1.8373721989435172,-0.9179292918863884,0,-1.8655960016283106,-0.9621038495198444,0
5,26,1,1,0.08946600055825266,0.0956136532443358,-1.8655960016283106,-0.9621038495198444,0,-1.9936366085957302,-0.9422994646232749,0
5,27,1,0,0.0956136532443358,0.12664523034946087,-1.9936366085957302,-0.9422994646232749,0,-2.0506892364372074,-0.9341291727885759,0
5,28,1,0,0.12664523034946087,0.1616819156404951,-2.0506892364372074,-0.9341291727885759,0,-2.1063679971984053,-0.8856946235636327,0
5,29,1,0,0.1616819156404951,0.1944317413828288,-2.1063679971984053,-0.8856946235636327,0,-2.1518718575972122,-0.7987532663515352,0
5,30,1,0,0.1944317413828288,0.21680741748091092,-2.1518718575972122,-0.7987532663515352,0,-2.1787879986805443,-0.688109649907303,0
6,1,1,0,0.09530757524573387,0.09208062391702518,-2.037560653788927,-0.4779008074136816,0,-2.149080079191297,-0.4769480439218413,0
6,2,1,0,0.09208062391702518,0.08523933928228696,-2.149080079191297,-0.4769480439218413,0,-2.2326480309215526,-0.45633054728545364,0
6,3,1,0,0.08523933928228696,0.09504849094478786,-2.2326480309215526,-0.45633054728545364,0,-2.3232612746745946,-0.44122072299031345,0
6,4,1,0,0.09504849094478786,0.10575629592440428,-2.3232612746745946,-0.44122072299031345,0,-2.393193867453312,-0.4090506280963624,0
6,5,1,0,0.10575629592440428,0.11307833726733801,-2.393193867453312,-0.4090506280963624,0,-2.426434835839747,-0.3572408119049011,0
6,6,1,0,0.11307833726733801,0.11759880191833559,-2.426434835839747,-0.3572408119049011,0,-2.4211085992676185,-0.29171289555307334,0
6,7,1,0,0.11759880191833559,0.12047243708567494,-2.4211085992676185,-0.29171289555307334,0,-2.380822909488367,-0.2197356317135768,0
6,8,1,0,0.12047243708567494,0.12198819570534006,-2.380822909488367,-0.2197356317135768,0,-2.3104428665290455,-0.14866152996559615,0
6,9,1,0,0.12198819570534006,0.12437336613234684,-2.3104428665290455,-0.14866152996559615,0,-2.219428577249026,-0.08451019253252662,0
6,10,1,0,0.12437336613234684,0.12915404708386394,-2.219428577249026,-0.08451019253252662,0,-2.11458163346036,-0.03134914764669963,0
6,11,1,0,0.12915404708386394,0.12872743386779098,-2.11458163346036,-0.03134914764669963,0,-1.9979991925257252,-0.0019978748936155255,0
6,12,1,0,0.12872743386779098,0.11532759810580294,-1.9979991925257252,-0.0019978748936155255,0,-1.8857793401846876,-0.012847728533378011,0
6,13,1,0,0.11532759810580294,0.07998822079170943,-1.8857793401846876,-0.012847728533378011,0,-1.8092834921168206,-0.08263122302391973,0
6,14,1,0,0.07998822079170943,0.03290228170673643,-1.8092834921168206,-0.08263122302391973,0,-1.805210079277887,-0.2058014286379837,0
6,15,1,0,0.03290228170673643,0.0818526647097921,-1.805210079277887,-0.2058014286379837,0,-1.6803965400127414,-0.18497592803016386,0
6,16,1,0,0.0818526647097921,0.11807740575250282,-1.6803965400127414,-0.18497592803016386,0,-1.5864622748886952,-0.23798295183192397,0
6,17,1,0,0.11807740575250282,0.12871946754958313,-1.5864622748886952,-0.23798295183192397,0,-1.5492611639369054,-0.34142925193041074,0
6,18,1,0,0.12871946754958313,0.1213265513880782,-1.5492611639369054,-0.34142925193041074,0,-1.5619143195152205,-0.46198053396882616,0
6,19,1,0,0.1213265513880782,0.09661393958633546,-1.5619143195152205,-0.46198053396882616,0,-1.6215737936089907,-0.5724192806222754,0
6,20,1,0,0.09661393958633546,0.05990570678873646,-1.6215737936089907,-0.5724192806222754,0,-1.7149898366845338,-0.6450330617309623,0
6,21,1,0,0.05990570678873646,0.09507965212143579,-1.7149898366845338,-0.6450330617309623,0,-1.7092933095644856,-0.7728001296137403,0
6,22,1,0,0.09507965212143579,0.10681806459365005,-1.7092933095644856,-0.7728001296137403,0,-1.7567575921551246,-0.8678683427457151,0
6,23,1,0,0.10681806459365005,0.10407771439760878,-1.7567575921551246,-0.8678683427457151,0,-1.8225163842423597,-0.923678490263854,0
6,24,1,0,0.10407771439760878,0.10274520490321871,-1.8225163842423597,-0.923678490263854,0,-1.8860103292634862,-0.95659005609286,0
6,25,1,0,0.10274520490321871,0.10597532695397555,-1.8860103292634862,-0.95659005609286,0,-1.9450072060438905,-0.9705659233429713,0
6,26,1,0,0.10597532695397555,0.0956136532443358,-1.9450072060438905,-0.9705659233429713,0,-1.9936366085957302,-0.9422994646232749,0
6,27,1,0,0.0956136532443358,0.12664523034946087,-1.9936366085957302,-0.9422994646232749,0,-2.0506892364372074,-0.9341291727885759,0
6,28,1,0,0.12664523034946087,0.1616819156404951,-2.0506892364372074,-0.9341291727885759,0,-2.1063679971984053,-0.8856946235636327,0
6,29,1,0,0.1616819156404951,0.1944317413828288,-2.1063679971984053,-0.8856946235636327,0,-2.1518718575972122,-0.7987532663515352,0
6,30,1,0,0.1944317413828288,0.21680741748091092,-2.1518718575972122,-0.7987532663515352,0,-2.1787879986805443,-0.688109649907303,0
7,1,1,0,0.08648418452248081,0.09434876701405534,-1.2680781080924186,0.4381482642060851,0,-1.260726106112703,0.4479924975243741,0
7,2,1,0,0.09434876701405534,0.10351573618200788,-1.260726106112703,0.4479924975243741,0,-1.2854055568606437,0.45369553754574904,0
7,3,1,0,0.10351573618200788,0.09183201745444337,-1.2854055568606437,0.45369553754574904,0,-1.3502408923091294,0.4648911122928636,0
7,4,1,0,0.09183201745444337,0.07814241405504217,-1.3502408923091294,0.4648911122928636,0,-1.4232812605496012,0.46766633998253365,0
7,5,1,0,0.07814241405504217,0.06670474483498565,-1.4232812605496012,0.46766633998253365,0,-1.4896829499206417,0.46038792005284,0
7,6,1,0,0.06670474483498565,0.05603974893305734,-1.4896829499206417,0.46038792005284,0,-1.5401337782977649,0.44887607351253467,0
7,7,1,0,0.05603974893305734,0.040260863822975126,-1.5401337782977649,0.44887607351253467,0,-1.560041920133927,0.45240539158648624,0
7,8,1,0,0.040260863822975126,0.018342428921882974,-1.560041920133927,0.45240539158648624,0,-1.5333627138551944,0.49723373013634176,0
7,9,1,0,0.018342428921882974,0.039947417151035614,-1.5333627138551944,0.49723373013634176,0,-1.584268222309146,0.4111207488816522,0
7,10,1,0,0.039947417151035614,0.054402620739847744,-1.584268222309146,0.4111207488816522,0,-1.5949867577055592,0.3662337239644247,0
7,11,1,0,0.054402620739847744,0.06004082195779357,-1.5949867577055592,0.3662337239644247,0,-1.5721963332557616,0.3639735409466102,0
7,12,1,0,0.06004082195779357,0.05953563013276542,-1.5721963332557616,0.3639735409466102,0,-1.5309687347230392,0.3955347019696047,0
7,13,1,0,0.05953563013276542,0.04874034889631798,-1.5309687347230392,0.3955347019696047,0,-1.4823143734225617,0.4582679841794628,0
7,14,1,0,0.04874034889631798,0.028718475125353485,-1.4823143734225617,0.4582679841794628,0,-1.4434193534780004,0.528163358070195,0
7,15,1,0,0.028718475125353485,0.04914413625726637,-1.4434193534780004,0.528163358070195,0,-1.4177326595668371,0.5671672875784867,0
7,16,1,0,0.04914413625726637,0.060038607215821785,-1.4177326595668371,0.5671672875784867,0,-1.396153587936009,0.627096964512676,0
7,17,1,0,0.060038607215821785,0.06074446321071878,-1.396153587936009,0.627096964512676,0,-1.3877454648432046,0.6742325392192947,0
7,18,1,0,0.06074446321071878,0.05638181285015336,-1.3877454648432046,0.6742325392192947,0,-1.3903620220424247,0.6921037434631478,0
7,19,1,0,0.05638181285015336,0.04584987161902577,-1.3903620220424247,0.6921037434631478,0,-1.3993335792758905,0.6685481249758894,0
7,20,1,0,0.04584987161902577,0.02889942693973368,-1.3993335792758905,0.6685481249758894,0,-1.4092499623103765,0.5994128633293023,0
7,21,1,0,0.02889942693973368,0.045370481536445705,-1.4092499623103765,0.5994128633293023,0,-1.3998855390046068,0.5861708471986202,0
7,22,1,0,0.045370481536445705,0.05105643441873088,-1.3998855390046068,0.5861708471986202,0,-1.38381066423954,0.5246003735781333,0
7,23,1,0,0.05105643441873088,0.05152904158172727,-1.38381066423954,0.5246003735781333,0,-1.3566338238171438,0.44277937757140073,0
7,24,1,0,0.05152904158172727,0.053855290412415366,-1.3566338238171438,0.44277937757140073,0,-1.314854482237003,0.36020986428760166,0
7,25,1,0,0.053855290412415366,0.06540939170239102,-1.314854482237003,0.36020986428760166,0,-1.248742646476815,0.28370290537974374,0
7,26,1,0,0.06540939170239102,0.09149435841735465,-1.248742646476815,0.28370290537974374,0,-1.147566048177457,0.21556317383797124,0
7,27,1,0,0.09149435841735465,0.07870830333908814,-1.147566048177457,0.21556317383797124,0,-1.1123497133070193,0.18330459675718763,0
7,28,1,0,0.07870830333908814,0.0808861086808805,-1.1123497133070193,0.18330459675718763,0,-1.0679001643005805,0.1778576478276831,0
7,29,1,0,0.0808861086808805,0.09163082648096237,-1.0679001643005805,0.1778576478276831,0,-1.029526114191748,0.2038299726961933,0
7,30,1,0,0.09163082648096237,0.10371704267242766,-1.029526114191748,0.2038299726961933,0,-1.025197856431755,0.26184143886473277,0
8,1,1,0,0.08648418452248081,0.09434876701405534,-1.2680781080924186,0.4381482642060851,0,-1.260726106112703,0.4479924975243741,0
8,2,1,0,0.09434876701405534,0.10351573618200788,-1.260726106112703,0.4479924975243741,0,-1.2854055568606437,0.45369553754574904,0
8,3,1,0,0.10351573618200788,0.09183201745444337,-1.2854055568606437,0.45369553754574904,0,-1.3502408923091294,0.4648911122928636,0
8,4,1,0,0.09183201745444337,0.07814241405504217,-1.3502408923091294,0.4648911122928636,0,-1.4232812605496012,0.46766633998253365,0
8,5,1,0,0.07814241405504217,0.06670474483498565,-1.4232812605496012,0.46766633998253365,0,-1.4896829499206417,0.46038792005284,0
8,6,1,0,0.06670474483498565,0.05603974893305734,-1.4896829499206417,0.46038792005284,0,-1.5401337782977649,0.44887607351253467,0
8,7,1,0,0.05603974893305734,0.040260863822975126,-1.5401337782977649,0.44887607351253467,0,-1.560041920133927,0.45240539158648624,0
8,8,1,0,0.040260863822975126,0.018342428921882974,-1.560041920133927,0.45240539158648624,0,-1.5333627138551944,0.49723373013634176,0
8,9,1,0,0.018342428921882974,0.039947417151035614,-1.5333627138551944,0.49723373013634176,0,-1.584268222309146,0.4111207488816522,0
8,10,1,0,0.039947417151035614,0.054402620739847744,-1.584268222309146,0.4111207488816522,0,-1.5949867577055592,0.3662337239644247,0
8,11,1,0,0.054402620739847744,0.06004082195779357,-1.5949867577055592,0.3662337239644247,0,-1.5721963332557616,0.3639735409466102,0
8,12,1,0,0.06004082195779357,0.05953563013276542,-1.5721963332557616,0.3639735409466102,0,-1.5309687347230392,0.3955347019696047,0
8,13,1,0,0.05953563013276542,0.04874034889631798,-1.5309687347230392,0.3955347019696047,0,-1.4823143734225617,0.4582679841794628,0
8,14,1,0,0.04874034889631798,0.028718475125353485,-1.4823143734225617,0.4582679841794628,0,-1.4434193534780004,0.528163358070195,0
8,15,1,0,0.028718475125353485,0.04914413625726637,-1.4434193534780004,0.528163358070195,0,-1.4177326595668371,0.5671672875784867,0
8,16,1,0,0.04914413625726637,0.060038607215821785,-1.4177326595668371,0.5671672875784867,0,-1.396153587936009,0.627096964512676,0
8,17,1,0,0.060038607215821785,0.06074446321071878,-1.396153587936009,0.627096964512676,0,-1.3877454648432046,0.6742325392192947,0
8,18,1,0,0.06074446321071878,0.05638181285015336,-1.3877454648432046,0.6742325392192947,0,-1.3903620220424247,0.6921037434631478,0
8,19,1,0,0.05638181285015336,0.04584987161902577,-1.3903620220424247,0.6921037434631478,0,-1.3993335792758905,0.6685481249758894,0
8,20,1,0,0.04584987161902577,0.02889942693973368,-1.3993335792758905,0.6685481249758894,0,-1.4092499623103765,0.5994128633293023,0
8,21,1,0,0.02889942693973368,0.045370481536445705,-1.4092499623103765,0.5994128633293023,0,-1.3998855390046068,0.5861708471986202,0
8,22,1,-1,0.045370481536445705,0.05008180398808726,-1.3998855390046068,0.5861708471986202,0,-1.385939278947947,0.61483159925818,0
8,23,1,0,0.05008180398808726,0.04740826475141284,-1.385939278947947,0.61483159925818,0,-1.3665429925039656,0.5312446275032205,0
8,24,1,0,0.04740826475141284,0.046248000847532625,-1.3665429925039656,0.5312446275032205,0,-1.3335332705542249,0.44378895535246987,0
8,25,1,0,0.046248000847532625,0.05376310948677405,-1.3335332705542249,0.44378895535246987,0,-1.2758142379227118,0.36479393174132696,0
8,26,1,0,0.05376310948677405,0.0677323736592497,-1.2758142379227118,0.36479393174132696,0,-1.192979193408126,0.29077605466855694,0
8,27,1,0,0.0677323736592497,0.07335941645963488,-1.192979193408126,0.29077605466855694,0,-1.1207754528996359,0.22935152411372614,0
8,28,1,1,0.07335941645963488,0.0808861086808805,-1.1207754528996359,0.22935152411372614,0,-1.0679001643005805,0.1778576478276831,0
8,29,1,0,0.0808861086808805,0.09163082648096237,-1.0679001643005805,0.1778576478276831,0,-1.029526114191748,0.2038299726961933,0
8,30,1,0,0.09163082648096237,0.10371704267242766,-1.029526114191748,0.2038299726961933,0,-1.025197856431755,0.26184143886473277,0
9,1,1,0,0.08648418452248081,0.09434876701405534,-1.2680781080924186,0.4381482642060851,0,-1.260726106112703,0.4479924975243741,0
9,2,1,0,0.09434876701405534,0.10351573618200788,-1.260726106112703,0.4479924975243741,0,-1.2854055568606437,0.45369553754574904,0
9,3,1,0,0.10351573618200788,0.09183201745444337,-1.2854055568606437,0.45369553754574904,0,-1.3502408923091294,0.4648911122928636,0
9,4,1,0,0.09183201745444337,0.07814241405504217,-1.3502408923091294,0.4648911122928636,0,-1.4232812605496012,0.46766633998253365,0
9,5,1,0,0.07814241405504217,0.06670474483498565,-1.4232812605496012,0.46766633998253365,0,-1.4896829499206417,0.46038792005284,0
9,6,1,0,0.06670474483498565,0.05603974893305734,-1.4896829499206417,0.46038792005284,0,-1.5401337782977649,0.44887607351253467,0
9,7,1,0,0.05603974893305734,0.040260863822975126,-1.5401337782977649,0.44887607351253467,0,-1.560041920133927,0.45240539158648624,0
9,8,1,0,0.040260863822975126,0.018342428921882974,-1.560041920133927,0.45240539158648624,0,-1.5333627138551944,0.49723373013634176,0
9,9,1,0,0.018342428921882974,0.039947417151035614,-1.5333627138551944,0.49723373013634176,0,-1.584268222309146,0.4111207488816522,0
9,10,1,0,0.039947417151035614,0.054402620739847744,-1.584268222309146,0.4111207488816522,0,-1.5949867577055592,0.3662337239644247,0
9,11,1,0,0.054402620739847744,0.06004082195779357,-1.5949867577055592,0.3662337239644247,0,-1.5721963332557616,0.3639735409466102,0
9,12,1,0,0.06004082195779357,0.05953563013276542,-1.5721963332557616,0.3639735409466102,0,-1.5309687347230392,0.3955347019696047,0
9,13,1,0,0.05953563013276542,0.04874034889631798,-1.5309687347230392,0.3955347019696047,0,-1.4823143734225617,0.4582679841794628,0
9,14,1,0,0.04874034889631798,0.028718475125353485,-1.4823143734225617,0.4582679841794628,0,-1.4434193534780004,0.528163358070195,0
9,15,1,0,0.028718475125353485,0.04914413625726637,-1.4434193534780004,0.528163358070195,0,-1.4177326595668371,0.5671672875784867,0
9,16,1,0,0.04914413625726637,0.060038607215821785,-1.4177326595668371,0.5671672875784867,0,-1.396153587936009,0.627096964512676,0
9,17,1,0,0.060038607215821785,0.06074446321071878,-1.396153587936009,0.627096964512676,0,-1.3877454648432046,0.6742325392192947,0
9,18,1,0,0.06074446321071878,0.05638181285015336,-1.3877454648432046,0.6742325392192947,0,-1.3903620220424247,0.6921037434631478,0
9,19,1,0,0.05638181285015336,0.04584987161902577,-1.3903620220424247,0.6921037434631478,0,-1.3993335792758905,0.6685481249758894,0
9,20,1,0,0.04584987161902577,0.02889942693973368,-1.3993335792758905,0.6685481249758894,0,-1.4092499623103765,0.5994128633293023,0
9,21,1,0,0.02889942693973368,0.045370481536445705,-1.4092499623103765,0.5994128633293023,0,-1.3998855390046068,0.5861708471986202,0
9,22,1,0,0.045370481536445705,0.05105643441873088,-1.3998855390046068,0.5861708471986202,0,-1.38381066423954,0.5246003735781333,0
9,23,1,0,0.05105643441873088,0.05152904158172727,-1.38381066423954,0.5246003735781333,0,-1.3566338238171438,0.44277937757140073,0
9,24,1,0,0.05152904158172727,0.053855290412415366,-1.3566338238171438,0.44277937757140073,0,-1.314854482237003,0.36020986428760166,0
9,25,1,0,0.053855290412415366,0.06540939170239102,-1.314854482237003,0.36020986428760166,0,-1.248742646476815,0.28370290537974374,0
9,26,1,0,0.06540939170239102,0.09149435841735465,-1.248742646476815,0.28370290537974374,0,-1.147566048177457,0.21556317383797124,0
9,27,1,0,0.09149435841735465,0.07870830333908814,-1.147566048177457,0.21556317383797124,0,-1.1123497133070193,0.18330459675718763,0
9,28,1,0,0.07870830333908814,0.0808861086808805,-1.1123497133070193,0.18330459675718763,0,-1.0679001643005805,0.1778576478276831,0
9,29,1,0,0.0808861086808805,0.09163082648096237,-1.0679001643005805,0.1778576478276831,0,-1.029526114191748,0.2038299726961933,0
9,30,1,0,0.09163082648096237,0.10371704267242766,-1.029526114191748,0.2038299726961933,0,-1.025197856431755,0.26184143886473277,0
