route_id,point_id,x_grid,y_grid
1,0,4,20
1,1,5,20
1,2,6,20
1,3,7,20
1,4,8,20
1,5,9,20
1,6,10,20
1,7,11,20
1,8,12,20
1,9,13,20
1,10,14,20
1,11,15,20
1,12,16,20
1,13,17,20
1,14,18,20
1,15,19,20
1,16,20,20
1,17,21,20
1,18,22,20
1,19,23,20
1,20,24,20
1,21,25,20
1,22,26,20
1,23,27,20
1,24,28,20
1,25,29,20
1,26,30,20
1,27,31,20
1,28,32,20
1,29,33,20
1,30,34,20
2,0,4,20
2,1,3,19
2,2,2,18
2,3,1,17
2,4,1,16
2,5,1,15
2,6,0,14
2,7,0,13
2,8,0,12
2,9,0,11
2,10,0,10
2,11,0,9
2,12,0,8
2,13,0,7
2,14,1,6
2,15,2,5
2,16,3,4
2,17,4,3
2,18,5,2
2,19,6,1
2,20,7,1
2,21,8,1
2,22,9,1
2,23,10,1
2,24,11,1
2,25,12,1
2,26,13,1
2,27,14,1
2,28,15,1
2,29,16,1
2,30,17,1
2,31,18,1
2,32,19,1
2,33,20,1
2,34,21,1
2,35,22,1
2,36,23,1
2,37,24,1
2,38,25,1
2,39,26,1
2,40,27,1
2,41,28,1
2,42,29,1
2,43,30,1
2,44,31,1
2,45,32,1
2,46,33,1
2,47,34,2
2,48,35,3
2,49,36,4
2,50,37,5
2,51,38,6
2,52,39,7
2,53,40,8
2,54,41,9
2,55,41,10
2,56,41,11
2,57,41,12
2,58,41,13
2,59,41,14
2,60,41,15
2,61,40,16
2,62,39,17
2,63,38,18
2,64,37,19
2,65,36,20
2,66,35,20
2,67,34,20
3,0,4,20
3,1,5,19
3,2,6,18
3,3,7,17
3,4,8,16
3,5,9,16
3,6,10,16
3,7,11,16
3,8,12,16
3,9,13,16
3,10,14,16
3,11,15,16
3,12,16,16
3,13,17,16
3,14,18,16
3,15,19,16
3,16,20,16
3,17,21,16
3,18,22,16
3,19,23,16
3,20,24,16
3,21,25,16
3,22,26,16
3,23,27,16
3,24,28,16
3,25,29,16
3,26,30,16
3,27,31,17
3,28,32,18
3,29,33,19
3,30,34,20
4,0,4,20
4,1,5,20
4,2,6,20
4,3,7,20
4,4,8,20
4,5,9,20
4,6,10,20
4,7,11,20
4,8,12,20
4,9,13,20
4,10,14,20
4,11,15,20
4,12,16,20
4,13,17,20
4,14,18,20
4,15,19,20
4,16,20,20
4,17,21,20
4,18,22,20
4,19,23,20
4,20,24,20
4,21,25,20
4,22,26,20
4,23,27,20
4,24,28,20
4,25,29,20
4,26,30,20
4,27,31,20
4,28,32,20
4,29,33,20
4,30,34,20
5,0,4,20
5,1,5,19
5,2,6,18
5,3,7,17
5,4,8,16
5,5,9,15
5,6,10,15
5,7,11,15
5,8,12,15
5,9,13,15
5,10,14,15
5,11,15,15
5,12,16,15
5,13,17,15
5,14,18,15
5,15,19,15
5,16,20,15
5,17,21,15
5,18,22,15
5,19,23,15
5,20,24,16
5,21,25,16
5,22,26,17
5,23,27,18
5,24,28,18
5,25,29,19
5,26,30,20
5,27,31,20
5,28,32,20
5,29,33,20
5,30,34,20
6,0,4,20
6,1,5,20
6,2,6,20
6,3,7,20
6,4,8,20
6,5,9,20
6,6,10,20
6,7,11,20
6,8,12,20
6,9,13,20
6,10,14,20
6,11,15,20
6,12,16,20
6,13,17,20
6,14,18,20
6,15,19,20
6,16,20,20
6,17,21,20
6,18,22,20
6,19,23,20
6,20,24,20
6,21,25,20
6,22,26,20
6,23,27,20
6,24,28,20
6,25,29,20
6,26,30,20
6,27,31,20
6,28,32,20
6,29,33,20
6,30,34,20
7,0,4,20
7,1,5,20
7,2,6,20
7,3,7,20
7,4,8,20
7,5,9,20
7,6,10,20
7,7,11,20
7,8,12,20
7,9,13,20
7,10,14,20
7,11,15,20
7,12,16,20
7,13,17,20
7,14,18,20
7,15,19,20
7,16,20,20
7,17,21,20
7,18,22,20
7,19,23,20
7,20,24,20
7,21,25,20
7,22,26,20
7,23,27,20
7,24,28,20
7,25,29,20
7,26,30,20
7,27,31,20
7,28,32,20
7,29,33,20
7,30,34,20
8,0,4,20
8,1,5,20
8,2,6,20
8,3,7,20
8,4,8,20
8,5,9,20
8,6,10,20
8,7,11,20
8,8,12,20
8,9,13,20
8,10,14,20
8,11,15,20
8,12,16,20
8,13,17,20
8,14,18,20
8,15,19,20
8,16,20,20
8,17,21,20
8,18,22,20
8,19,23,20
8,20,24,20
8,21,25,20
8,22,26,19
8,23,27,19
8,24,28,19
8,25,29,19
8,26,30,19
8,27,31,19
8,28,32,20
8,29,33,20
8,30,34,20
9,0,4,20
9,1,5,20
9,2,6,20
9,3,7,20
9,4,8,20
9,5,9,20
9,6,10,20
9,7,11,20
9,8,12,20
9,9,13,20
9,10,14,20
9,11,15,20
9,12,16,20
9,13,17,20
9,14,18,20
9,15,19,20
9,16,20,20
9,17,21,20
9,18,22,20
9,19,23,20
9,20,24,20
9,21,25,20
9,22,26,20
9,23,27,20
9,24,28,20
9,25,29,20
9,26,30,20
9,27,31,20
9,28,32,20
9,29,33,20
9,30,34,20
