route_id,seed,method_code,distance_km,tke_exposure,flight_s,energy_Wh,paper_cost
1,20260923,0,6,5.8393,491.06,129.34,1175.5485
2,20260923,1,15.3054,2.3997,1321.58,325.76,241.2726
3,20260923,2,6.6627,4.4361,564.24,143.79,733.2868
4,20260924,0,6,0.6635,600.68,149.07,51.2642
5,20260924,1,6.8284,0.6307,676.48,167.92,46.4556
6,20260924,2,6,0.6635,600.68,149.07,51.2642
7,20260925,0,6,0.3693,565.33,138.8,25.0832
8,20260925,1,6.1657,0.369,580.02,142.41,24.9537
9,20260925,2,6,0.3693,565.33,138.8,25.0832
