seed,method,distance_km,tke_exposure_km_m2_s2,mean_tke_m2_s2,peak_tke_m2_s2,flight_s,energy_Wh,paper_cost
20260923,最短距离,6,5.8393,0.9732,1.3982,491.06,129.34,1175.5485
20260923,论文代价 A* 二维适配,15.3054,2.3997,0.1568,0.798,1321.58,325.76,241.2726
20260923,演示综合代价,6.6627,4.4361,0.6658,0.8374,564.24,143.79,733.2868
20260924,最短距离,6,0.6635,0.1106,0.2168,600.68,149.07,51.2642
20260924,论文代价 A* 二维适配,6.8284,0.6307,0.0924,0.2168,676.48,167.92,46.4556
20260924,演示综合代价,6,0.6635,0.1106,0.2168,600.68,149.07,51.2642
20260925,最短距离,6,0.3693,0.0616,0.1037,565.33,138.8,25.0832
20260925,论文代价 A* 二维适配,6.1657,0.369,0.0598,0.1037,580.02,142.41,24.9537
20260925,演示综合代价,6,0.3693,0.0616,0.1037,565.33,138.8,25.0832
